 Report Section , Region , PT Mode , Measures , 2010/11 , 2011/12 , 2012/13 , 2013/14 , 2014/15 , 2015/16 , 2016/17 , 2017/18 , 2018/19 , 2019/20 , 2020/21 , 2021/22 , 2022/23 , 2023/24 , 2024/25 
 National , National , Bus , Boardings ," 101,371,727 "," 104,358,778 "," 104,788,137 "," 108,372,570 "," 112,315,303 "," 112,198,003 "," 113,891,381 "," 118,346,960 "," 125,970,012 "," 104,565,634 "," 93,218,455 "," 68,142,800 "," 101,712,375 "," 124,739,314 "," 129,291,742 "
 National , National , Bus , Boardings SuperGold ," 8,827,156 "," 9,349,132 "," 9,731,330 "," 10,473,505 "," 10,971,883 "," 11,021,849 "," 10,943,924 "," 11,856,646 "," 13,403,723 "," 10,920,092 "," 10,492,539 "," 8,143,885 "," 10,248,142 "," 11,417,015 "," 11,952,195 "
 National , National , Bus , Fares ," 171,809,803 "," 179,252,727 "," 187,538,592 "," 196,487,822 "," 213,419,536 "," 220,458,943 "," 210,224,816 "," 210,457,488 "," 200,720,105 "," 155,137,504 "," 138,615,871 "," 86,432,452 "," 83,428,077 "," 166,539,035 "," 192,265,548 "
 National , National , Bus , Fleet Size ," 2,159 "," 2,167 "," 2,234 "," 2,210 "," 2,375 "," 2,404 "," 2,544 "," 2,514 "," 2,602 "," 2,597 "," 2,599 "," 2,632 "," 2,670 "," 2,753 "," 2,809 "
 National , National , Bus , Passenger kilometres ," 736,679,480 "," 828,260,629 "," 838,143,349 "," 912,976,396 "," 866,550,581 "," 855,798,463 "," 845,782,272 "," 858,669,012 "," 752,713,946 "," 604,459,520 "," 536,261,974 "," 367,700,559 "," 570,746,988 "," 867,676,536 "," 890,787,859 "
 National , National , Bus , Service kilometres ," 96,544,314 "," 95,569,688 "," 98,356,462 "," 101,011,688 "," 101,994,415 "," 100,335,843 "," 102,597,376 "," 107,550,467 "," 115,949,813 "," 113,866,859 "," 122,934,050 "," 114,888,218 "," 114,842,378 "," 118,114,072 "," 124,946,450 "
 National , National , Bus , SuperGold Fare Substitute ," 16,345,960 "," 16,465,155 "," 16,912,909 "," 18,367,223 "," 19,800,604 "," 20,930,524 "," 20,421,494 "," 21,171,419 "," 21,270,600 "," 22,558,828 "," 22,071,543 "," 21,833,732 "," 24,838,630 "," 27,772,288 "," 30,201,251 "
 National , National , Exempt Services , Boardings , -   , -   , -   , -   , -   , -   , -   , -   , -   , -   , -   , -   , -   , -   , -   
 National , National , Exempt Services , Boardings SuperGold ,,,,,,,,," 220,832 "," 148,903 "," 57,042 "," 40,618 "," 50,085 "," 52,013 "," 50,881 "
 National , National , Exempt Services , SuperGold Fare Substitute ,,,,,,,,," 858,062 "," 624,596 "," 106,726 "," 83,641 "," 108,850 "," 108,819 "," 119,480 "
 National , National , Ferry , Boardings ," 5,063,622 "," 5,330,809 "," 5,288,402 "," 5,450,533 "," 5,868,689 "," 6,225,208 "," 6,488,432 "," 6,399,882 "," 6,691,578 "," 5,298,583 "," 4,537,685 "," 2,987,157 "," 4,794,078 "," 5,443,944 "," 7,413,811 "
 National , National , Ferry , Boardings SuperGold ," 320,347 "," 364,840 "," 406,189 "," 434,157 "," 476,703 "," 479,459 "," 431,030 "," 457,974 "," 525,770 "," 391,878 "," 419,676 "," 298,453 "," 403,407 "," 609,098 "," 415,227 "
 National , National , Ferry , Fares ," 24,014,974 "," 27,149,039 "," 27,966,702 "," 27,142,854 "," 28,647,133 "," 31,913,099 "," 34,648,329 "," 35,949,867 "," 37,272,366 "," 28,855,464 "," 23,454,346 "," 13,459,854 "," 10,989,310 "," 53,638,152 "," 50,592,700 "
 National , National , Ferry , Fleet Size , 27 , 28 , 27 , 30 , 31 , 32 , 33 , 33 , 33 , 33 , 34 , 35 , 34 , 36 , 35 
 National , National , Ferry , Passenger kilometres ," 55,085,668 "," 73,261,438 "," 77,111,825 "," 69,043,539 "," 77,741,471 "," 83,232,649 "," 86,826,927 "," 85,316,153 "," 89,600,591 "," 69,310,757 "," 60,269,685 "," 41,566,030 "," 67,434,797 "," 74,492,102 "," 68,625,535 "
 National , National , Ferry , Service kilometres ," 988,352 "," 1,006,768 "," 1,015,355 "," 1,033,898 "," 1,094,927 "," 1,608,075 "," 1,586,237 "," 1,641,449 "," 1,603,005 "," 1,479,101 "," 1,289,762 "," 1,138,518 "," 1,554,132 "," 1,254,471 "," 1,467,099 "
 National , National , Ferry , SuperGold Fare Substitute ," 1,992,979 "," 2,467,417 "," 2,533,420 "," 2,678,671 "," 2,920,123 "," 2,785,633 "," 2,383,094 "," 2,189,216 "," 2,831,669 "," 2,797,824 "," 2,877,878 "," 3,317,967 "," 3,379,752 "," 4,004,601 "," 4,411,246 "
 National , National , Rail , Boardings ," 21,066,831 "," 22,151,299 "," 21,394,209 "," 23,078,374 "," 26,045,817 "," 29,587,675 "," 32,716,676 "," 33,701,198 "," 35,713,725 "," 28,933,404 "," 22,399,944 "," 15,258,282 "," 22,681,728 "," 23,897,671 "," 24,229,660 "
 National , National , Rail , Boardings SuperGold ," 699,784 "," 834,589 "," 957,086 "," 983,321 "," 1,143,950 "," 1,340,828 "," 1,335,439 "," 1,408,494 "," 1,578,857 "," 1,246,839 "," 1,006,184 "," 763,027 "," 861,851 "," 845,921 "," 1,082,570 "
 National , National , Rail , Fares ," 59,360,502 "," 65,107,862 "," 67,519,644 "," 72,073,641 "," 81,352,253 "," 90,321,841 "," 96,167,373 "," 96,840,986 "," 103,584,890 "," 82,111,295 "," 69,513,346 "," 41,021,344 "," 34,362,788 "," 67,628,486 "," 75,435,396 "
 National , National , Rail , Fleet Size , 311 , 314 , 312 , 321 , 338 , 361 , 375 , 379 , 379 , 389 , 422 , 422 , 418 , 426 , -   
 National , National , Rail , Passenger kilometres ," 403,587,858 "," 433,621,297 "," 428,166,118 "," 439,791,532 "," 477,255,264 "," 528,247,672 "," 573,131,379 "," 569,612,188 "," 600,109,167 "," 481,582,942 "," 398,404,382 "," 274,662,325 "," 392,777,990 "," 428,456,022 "," 431,725,069 "
 National , National , Rail , Service kilometres ," 5,793,538 "," 6,005,656 "," 6,344,673 "," 6,516,305 "," 7,042,946 "," 7,262,157 "," 7,247,757 "," 7,427,709 "," 7,925,417 "," 7,648,273 "," 7,004,302 "," 7,114,443 "," 18,035,003 "," 6,292,565 "," 6,606,718 "
 National , National , Rail , SuperGold Fare Substitute ," 2,031,982 "," 2,360,008 "," 2,862,118 "," 3,005,062 "," 3,508,288 "," 4,226,534 "," 3,960,041 "," 4,082,881 "," 4,343,047 "," 4,861,376 "," 5,008,222 "," 5,086,227 "," 5,277,975 "," 5,529,853 "," 5,815,294 "
 Regional , Auckland , Bus , Boardings ," 51,163,334 "," 54,827,193 "," 53,530,078 "," 55,851,701 "," 59,796,338 "," 60,239,483 "," 62,697,533 "," 66,163,292 "," 73,047,950 "," 59,863,113 "," 48,661,763 "," 31,379,961 "," 54,659,318 "," 67,060,998 "," 70,169,455 "
 Regional , Auckland , Bus , Boardings SuperGold ," 4,448,046 "," 4,836,141 "," 4,968,735 "," 5,490,080 "," 5,929,067 "," 5,748,050 "," 5,606,496 "," 6,342,792 "," 7,629,427 "," 6,320,636 "," 5,557,601 "," 3,991,057 "," 5,568,487 "," 6,303,463 "," 6,454,373 "
 Regional , Auckland , Bus , Fares ," 87,076,898 "," 95,651,873 "," 99,602,076 "," 106,031,370 "," 120,456,055 "," 125,011,738 "," 116,564,731 "," 117,517,141 "," 115,177,279 "," 92,447,812 "," 75,184,196 "," 39,533,917 "," 47,891,443 "," 106,685,636 "," 119,898,881 "
 Regional , Auckland , Bus , Fleet Size , 958 , 994 ," 1,042 "," 1,053 "," 1,160 "," 1,201 "," 1,314 "," 1,350 "," 1,362 "," 1,329 "," 1,355 "," 1,360 "," 1,356 "," 1,344 "," 1,373 "
 Regional , Auckland , Bus , Passenger kilometres ," 354,516,132 "," 449,258,834 "," 438,790,183 "," 507,174,739 "," 458,675,254 "," 454,254,076 "," 451,904,530 "," 459,007,167 "," 493,766,997 "," 397,023,682 "," 329,055,295 "," 202,932,141 "," 367,020,275 "," 446,341,356 "," 454,352,296 "
 Regional , Auckland , Bus , Service kilometres ," 40,962,837 "," 41,564,412 "," 46,175,186 "," 47,901,288 "," 48,631,594 "," 46,189,045 "," 49,551,838 "," 54,279,010 "," 61,976,050 "," 61,287,895 "," 62,075,540 "," 55,519,985 "," 56,039,222 "," 61,932,604 "," 66,202,837 "
 Regional , Auckland , Bus , SuperGold Fare Substitute ," 7,170,949 "," 7,396,795 "," 7,711,260 "," 8,565,284 "," 9,833,733 "," 10,467,851 "," 9,466,776 "," 10,456,270 "," 10,606,538 "," 10,881,365 "," 11,317,244 "," 11,116,077 "," 12,042,261 "," 13,669,666 "," 14,821,287 "
 Regional , Auckland , Ferry , Boardings ," 4,735,717 "," 5,049,627 "," 4,957,052 "," 5,109,953 "," 5,536,389 "," 5,878,184 "," 6,149,274 "," 6,041,157 "," 6,311,101 "," 4,982,774 "," 4,212,583 "," 2,714,699 "," 4,434,449 "," 4,963,821 "," 6,975,004 "
 Regional , Auckland , Ferry , Boardings SuperGold ," 299,597 "," 341,783 "," 374,343 "," 404,419 "," 444,810 "," 446,765 "," 401,751 "," 424,979 "," 483,973 "," 361,395 "," 381,433 "," 266,299 "," 363,733 "," 578,922 "," 376,185 "
 Regional , Auckland , Ferry , Fares ," 22,609,543 "," 25,765,406 "," 26,339,979 "," 25,557,061 "," 26,982,679 "," 30,163,624 "," 32,907,265 "," 34,214,037 "," 35,460,832 "," 27,512,573 "," 21,870,346 "," 12,119,571 "," 9,272,583 "," 51,465,455 "," 48,131,904 "
 Regional , Auckland , Ferry , Fleet Size , 22 , 23 , 23 , 26 , 27 , 28 , 29 , 29 , 29 , 29 , 30 , 30 , 29 , 31 , 29 
 Regional , Auckland , Ferry , Passenger kilometres ," 52,771,317 "," 71,296,085 "," 74,877,792 "," 66,571,640 "," 75,317,758 "," 80,659,606 "," 84,363,882 "," 82,715,286 "," 87,404,675 "," 67,528,494 "," 58,481,496 "," 40,006,227 "," 64,843,331 "," 71,035,168 "," 65,776,766 "
 Regional , Auckland , Ferry , Service kilometres ," 834,203 "," 844,583 "," 850,030 "," 873,012 "," 938,976 "," 1,453,393 "," 1,441,590 "," 1,498,248 "," 1,456,113 "," 1,346,128 "," 1,125,399 "," 996,262 "," 1,389,896 "," 1,102,946 "," 1,330,891 "
 Regional , Auckland , Ferry , SuperGold Fare Substitute ," 1,892,123 "," 2,364,264 "," 2,392,176 "," 2,546,393 "," 2,774,197 "," 2,631,736 "," 2,245,586 "," 2,057,879 "," 2,684,086 "," 2,611,184 "," 2,719,875 "," 3,167,919 "," 3,224,349 "," 3,837,603 "," 4,235,176 "
 Regional , Auckland , Rail , Boardings ," 9,864,604 "," 10,904,160 "," 10,038,806 "," 11,435,082 "," 13,916,822 "," 16,786,493 "," 19,595,151 "," 20,148,332 "," 21,389,847 "," 17,444,294 "," 11,129,107 "," 7,124,283 "," 11,931,193 "," 12,524,482 "," 13,730,337 "
 Regional , Auckland , Rail , Boardings SuperGold ," 409,275 "," 486,288 "," 552,034 "," 548,854 "," 679,040 "," 792,734 "," 798,618 "," 848,542 "," 997,914 "," 830,746 "," 557,142 "," 405,590 "," 527,746 "," 564,467 "," 727,240 "
 Regional , Auckland , Rail , Fares ," 24,258,502 "," 27,126,458 "," 27,129,023 "," 30,635,932 "," 38,109,447 "," 44,660,051 "," 47,975,437 "," 46,198,364 "," 50,460,433 "," 41,683,721 "," 26,230,446 "," 13,681,805 "," 15,717,158 "," 33,374,775 "," 36,758,366 "
 Regional , Auckland , Rail , Fleet Size , 148 , 148 , 148 , 157 , 174 , 191 , 191 , 189 , 189 , 199 , 232 , 232 , 216 , 216 , -   
 Regional , Auckland , Rail , Passenger kilometres ," 142,647,712 "," 166,093,024 "," 158,689,294 "," 165,580,031 "," 186,728,067 "," 222,563,399 "," 262,120,352 "," 249,509,228 "," 260,582,994 "," 209,076,698 "," 131,015,563 "," 84,444,881 "," 142,644,747 "," 161,439,134 "," 169,989,648 "
 Regional , Auckland , Rail , Service kilometres ," 2,525,422 "," 2,699,446 "," 2,931,068 "," 3,105,123 "," 3,462,584 "," 3,806,841 "," 3,874,656 "," 4,016,122 "," 4,337,703 "," 4,175,304 "," 3,415,367 "," 3,589,214 "," 4,527,482 "," 2,956,142 "," 3,385,975 "
 Regional , Auckland , rail , SuperGold Fare Substitute ," 838,960 "," 985,569 "," 1,173,192 "," 1,166,434 "," 1,540,159 "," 1,906,508 "," 1,697,237 "," 1,874,637 "," 1,930,342 "," 2,026,860 "," 2,368,360 "," 2,462,834 "," 2,578,804 "," 2,733,039 "," 2,885,576 "
 Regional , Bay of Plenty , Bus , Boardings ," 2,479,589 "," 2,853,490 "," 2,854,444 "," 3,005,049 "," 3,109,603 "," 3,324,774 "," 3,142,802 "," 2,895,716 "," 2,714,912 "," 2,362,428 "," 2,678,839 "," 2,253,786 "," 2,734,308 "," 3,694,984 "," 3,681,767 "
 Regional , Bay of Plenty , Bus , Boardings SuperGold ," 314,827 "," 365,520 "," 376,141 "," 397,060 "," 379,413 "," 382,892 "," 389,608 "," 393,521 "," 429,742 "," 331,290 "," 387,620 "," 318,916 "," 306,872 "," 332,958 "," 305,101 "
 Regional , Bay of Plenty , Bus , Fares ," 3,041,104 "," 3,547,320 "," 3,891,636 "," 3,850,986 "," 3,933,336 "," 4,081,526 "," 4,055,284 "," 3,958,600 "," 3,732,111 "," 2,563,873 "," 2,136,175 "," 1,480,636 "," 1,272,628 "," 2,187,300 "," 2,400,123 "
 Regional , Bay of Plenty , Bus , Fleet Size , 59 , 60 , 60 , 62 , 106 , 108 , 109 , 116 , 149 , 181 , 169 , 150 , 187 , 199 , 202 
 Regional , Bay of Plenty , Bus , Passenger kilometres ," 21,202,596 "," 26,017,243 "," 26,368,092 "," 25,050,302 "," 26,556,095 "," 26,766,310 "," 26,655,919 "," 24,005,085 "," 22,520,713 "," 19,730,790 "," 22,591,016 "," 19,401,622 "," 23,824,982 "," 32,761,524 "," 32,089,931 "
 Regional , Bay of Plenty , Bus , Service kilometres ," 5,117,546 "," 4,760,476 "," 4,713,062 "," 4,798,674 "," 5,504,912 "," 6,501,886 "," 6,373,009 "," 5,605,291 "," 6,267,041 "," 6,217,780 "," 7,302,702 "," 6,379,603 "," 5,784,089 "," 5,791,449 "," 5,350,867 "
 Regional , Bay of Plenty , Bus , SuperGold Fare Substitute ," 492,818 "," 547,719 "," 627,281 "," 674,753 "," 643,038 "," 653,967 "," 714,573 "," 721,917 "," 768,212 "," 843,504 "," 914,864 "," 915,234 "," 974,040 "," 1,063,724 "," 1,142,201 "
 Regional , Bay of Plenty , Ferry , Boardings ," 28,411 "," 24,666 "," 26,321 "," 29,959 "," 28,778 "," 28,028 "," 30,405 "," 25,414 "," 27,182 "," 23,786 "," 24,516 "," 20,844 "," 29,792 "," 32,744 "," 29,292 "
 Regional , Bay of Plenty , Ferry , Fares ," 38,761 "," 33,497 "," 35,699 "," 40,885 "," 39,415 ",,,,,," 29,748 "," 29,400 "," 41,285 "," 45,276 "," 40,748 "
 Regional , Bay of Plenty , Ferry , Fleet Size , 1 , 1 , 1 , 1 , 1 , 1 , 1 , 1 , 1 , 1 , 1 , 1 , 1 , 1 , 1 
 Regional , Bay of Plenty , Ferry , Passenger kilometres ," 85,233 "," 73,998 "," 78,963 "," 89,877 "," 86,334 ",,,,,,,,," 115,422 "," 103,254 "
 Regional , Bay of Plenty , Ferry , Service kilometres ," 8,760 "," 8,448 "," 8,760 "," 8,760 "," 8,424 ",,,,,,,,," 10,321 ", -   
 Regional , Canterbury , Bus , Boardings ," 13,109,822 "," 11,352,649 "," 13,417,358 "," 14,174,013 "," 14,219,679 "," 13,737,967 "," 13,249,574 "," 13,621,278 "," 13,715,126 "," 11,035,588 "," 10,313,062 "," 8,832,320 "," 11,667,358 "," 14,573,493 "," 15,220,103 "
 Regional , Canterbury , Bus , Boardings SuperGold ," 1,287,783 "," 1,163,030 "," 1,277,651 "," 1,344,205 "," 1,366,788 "," 1,365,649 "," 1,387,216 "," 1,453,175 "," 1,561,453 "," 1,186,002 "," 1,301,479 "," 1,113,854 "," 1,407,268 "," 1,406,863 "," 1,456,489 "
 Regional , Canterbury , Bus , Fares ," 17,998,780 "," 13,470,415 "," 15,780,886 "," 16,437,967 "," 18,731,244 "," 21,364,693 "," 20,506,470 "," 18,286,609 "," 18,975,314 "," 14,191,708 "," 13,411,796 "," 10,225,452 "," 8,249,456 "," 12,084,091 "," 12,591,854 "
 Regional , Canterbury , Bus , Fleet Size , 321 , 280 , 263 , 244 , 241 , 240 , 254 , 254 , 254 , 254 , 240 , 245 , 276 , 305 , 310 
 Regional , Canterbury , Bus , Passenger kilometres ," 111,433,488 "," 96,497,517 "," 114,047,543 "," 120,479,110 "," 120,867,272 "," 116,772,720 "," 112,621,379 "," 115,938,408 ",,,,,," 122,885,078 "," 128,695,277 "
 Regional , Canterbury , Bus , Service kilometres ," 20,392,554 "," 18,373,496 "," 16,794,358 "," 17,479,590 "," 17,264,677 "," 15,941,822 "," 16,043,222 "," 16,453,197 "," 15,904,210 "," 15,947,696 "," 16,812,550 "," 16,258,187 "," 16,859,222 "," 15,798,077 "," 16,225,778 "
 Regional , Canterbury , Bus , SuperGold Fare Substitute ," 2,551,326 "," 2,133,997 "," 2,346,406 "," 2,648,429 "," 2,751,623 "," 2,751,922 "," 3,172,874 "," 2,955,556 "," 2,999,553 "," 3,350,567 "," 3,074,098 "," 3,082,141 "," 3,291,248 "," 3,702,526 "," 4,002,770 "
 Regional , Canterbury , Ferry , Boardings ," 122,393 "," 79,818 "," 112,480 "," 130,466 "," 124,416 "," 121,107 "," 113,002 "," 129,102 "," 151,094 "," 126,641 "," 132,938 "," 114,190 "," 135,176 "," 155,203 "," 174,998 "
 Regional , Canterbury , Ferry , Boardings SuperGold ," 9,489 "," 12,163 "," 18,372 "," 18,927 "," 19,301 "," 18,199 "," 17,508 "," 20,045 "," 26,996 "," 20,102 "," 25,140 "," 20,612 "," 26,553 "," 23,910 "," 26,585 "
 Regional , Canterbury , Ferry , Fares ," 258,909 "," 189,231 "," 272,064 "," 327,178 "," 344,370 "," 395,006 "," 385,268 "," 376,427 "," 405,168 "," 308,805 "," 352,882 "," 276,749 "," 201,832 "," 385,850 "," 442,317 "
 Regional , Canterbury , Ferry , Fleet Size , 2 , 2 , 1 , 1 , 1 , 1 , 1 , 1 , 1 , 1 , 1 , 1 , 1 , 1 , 2 
 Regional , Canterbury , Ferry , Passenger kilometres ," 282,447 "," 239,454 "," 337,440 "," 391,398 "," 373,248 "," 363,321 "," 339,006 "," 387,306 ",,,,," 378,171 "," 465,609 "," 524,994 "
 Regional , Canterbury , Ferry , Service kilometres ," 47,481 "," 47,476 "," 47,482 "," 47,268 "," 47,223 "," 47,466 "," 47,466 "," 47,666 "," 47,666 "," 47,466 "," 45,977 "," 45,974 "," 45,974 "," 38,849 "," 41,172 "
 Regional , Canterbury , Ferry , SuperGold Fare Substitute ," 30,468 "," 38,499 "," 58,151 "," 65,062 "," 67,637 "," 63,776 "," 64,323 "," 59,917 "," 66,201 "," 78,844 "," 73,269 "," 66,592 "," 69,999 "," 77,759 "," 82,586 "
 Regional , Gisborne , Bus , Boardings ," 152,258 "," 157,596 "," 157,008 "," 139,473 "," 138,261 "," 146,129 "," 142,373 "," 142,082 "," 133,426 "," 100,054 "," 121,487 "," 116,408 "," 123,343 "," 123,934 "," 130,194 "
 Regional , Gisborne , Bus , Boardings SuperGold ," 17,084 "," 16,751 "," 17,325 "," 12,532 "," 12,328 "," 13,166 "," 12,228 "," 13,694 "," 12,962 "," 13,088 "," 13,156 "," 10,452 "," 11,306 "," 13,799 "," 12,796 "
 Regional , Gisborne , Bus , Fares ," 187,226 "," 194,766 "," 196,872 "," 168,140 "," 164,190 "," 116,160 "," 159,593 "," 146,018 "," 143,684 "," 115,680 "," 119,516 "," 93,477 "," 68,745 "," 99,959 "," 138,234 "
 Regional , Gisborne , Bus , Fleet Size , 11 , 11 , 11 , 11 , 11 , 12 , 12 , 12 , 12 , 12 , 12 , 12 , 12 , 12 , 13 
 Regional , Gisborne , Bus , Passenger kilometres ," 913,548 "," 945,576 "," 942,048 "," 836,838 "," 829,566 "," 1,065,440 "," 869,578 "," 870,020 "," 875,573 "," 602,283 "," 1,348,159 "," 1,055,145 "," 1,163,212 "," 1,561,626 "," 1,645,110 "
 Regional , Gisborne , Bus , Service kilometres ," 127,481 "," 129,552 "," 129,552 "," 103,512 "," 103,512 "," 107,652 "," 112,526 "," 113,217 "," 115,995 "," 173,558 "," 173,558 "," 188,481 "," 245,345 "," 126,840 "," 133,866 "
 Regional , Gisborne , Bus , SuperGold Fare Substitute ," 20,658 "," 18,936 "," 19,585 "," 14,167 "," 13,936 "," 14,883 "," 13,823 "," 15,480 "," 15,647 "," 13,955 "," 13,089 "," 13,095 "," 34,022 "," 31,702 "," 30,493 "
 Regional , Hawkes Bay , Bus , Boardings ," 554,647 "," 681,566 "," 761,392 "," 799,845 "," 744,381 "," 694,557 "," 688,151 "," 666,127 "," 645,297 "," 511,667 "," 602,341 "," 438,178 "," 405,561 "," 490,816 "," 567,843 "
 Regional , Hawkes Bay , Bus , Boardings SuperGold ," 80,727 "," 101,898 "," 118,531 "," 125,649 "," 115,753 "," 118,838 "," 117,419 "," 119,088 "," 115,356 "," 84,960 "," 92,709 "," 65,356 "," 52,638 "," 55,207 "," 64,221 "
 Regional , Hawkes Bay , Bus , Fares ," 822,592 "," 979,472 "," 1,127,073 "," 1,266,096 "," 1,189,593 "," 1,109,845 "," 1,085,169 "," 1,026,323 "," 1,009,103 "," 680,131 "," 518,894 "," 395,724 "," 252,616 "," 525,955 "," 769,210 "
 Regional , Hawkes Bay , Bus , Fleet Size , 20 , 26 , 28 , 26 , 24 , 22 , 23 , 25 , 24 , 24 , 25 , 25 , 25 , 25 , 26 
 Regional , Hawkes Bay , Bus , Passenger kilometres ," 3,882,529 "," 4,770,892 "," 5,558,531 "," 5,838,868 "," 7,555,620 "," 7,161,305 "," 7,335,951 "," 7,047,233 "," 6,949,061 "," 5,413,623 "," 5,487,018 "," 4,789,741 "," 3,955,092 "," 5,058,481 "," 5,473,108 "
 Regional , Hawkes Bay , Bus , Service kilometres ," 794,660 "," 1,036,045 "," 1,146,751 "," 1,200,851 "," 932,537 "," 962,107 "," 1,021,868 "," 1,022,000 "," 1,023,500 "," 1,000,111 "," 5,162,954 "," 5,162,954 "," 5,161,058 "," 919,999 "," 1,050,302 "
 Regional , Hawkes Bay , Bus , SuperGold Fare Substitute ," 173,089 "," 210,796 "," 245,205 "," 259,930 "," 239,458 "," 245,840 "," 242,904 "," 246,357 "," 248,796 "," 236,051 "," 236,330 "," 236,433 "," 251,976 "," 164,723 "," 285,117 "
 Regional , Manawatu-Whanganui , Bus , Boardings ," 1,599,934 "," 1,635,096 "," 1,620,202 "," 1,577,158 "," 1,447,403 "," 1,356,938 "," 1,301,374 "," 1,390,386 "," 1,335,248 "," 993,364 "," 864,522 "," 607,897 "," 838,802 "," 1,078,318 "," 1,402,349 "
 Regional , Manawatu-Whanganui , Bus , Boardings SuperGold ," 90,333 "," 95,649 "," 100,064 "," 102,614 "," 99,231 "," 98,341 "," 100,947 "," 110,753 "," 118,069 "," 83,585 "," 86,870 "," 75,730 "," 89,213 "," 104,474 "," 133,659 "
 Regional , Manawatu-Whanganui , Bus , Fares ," 1,079,544 "," 1,144,606 "," 1,292,679 "," 1,382,208 "," 1,249,700 "," 1,170,942 "," 986,528 "," 1,098,247 "," 1,091,921 "," 700,259 "," 664,680 "," 582,802 "," 738,195 "," 639,146 "," 953,934 "
 Regional , Manawatu-Whanganui , Bus , Fleet Size , 46 , 48 , 52 , 52 , 50 , 52 , 48 , 46 , 45 , 42 , 46 , 44 , 50 , 72 , 73 
 Regional , Manawatu-Whanganui , Bus , Passenger kilometres ," 16,371,395 "," 16,621,807 "," 16,638,914 "," 16,417,477 "," 16,161,786 "," 14,107,670 "," 12,681,922 "," 13,127,422 "," 13,369,334 "," 9,640,769 "," 8,914,763 "," 6,807,273 "," 9,081,991 "," 11,682,623 "," 13,965,194 "
 Regional , Manawatu-Whanganui , Bus , Service kilometres ," 1,375,530 "," 1,381,737 "," 1,422,181 "," 1,391,569 "," 1,394,002 "," 1,440,200 "," 1,528,352 "," 1,703,613 "," 1,611,916 "," 1,536,508 "," 1,626,984 "," 1,603,741 "," 1,725,000 "," 2,119,359 "," 3,561,967 "
 Regional , Manawatu-Whanganui , Bus , SuperGold Fare Substitute ," 116,403 "," 135,255 "," 149,525 "," 154,027 "," 148,156 "," 146,738 "," 155,727 "," 174,858 "," 179,302 "," 210,967 "," 259,671 "," 259,783 "," 274,832 "," 300,905 "," 324,123 "
 Regional , Marlborough-Nelson-Tasman , Bus , Boardings ," 74,237 "," 155,165 "," 376,834 "," 422,824 "," 442,305 "," 439,815 "," 448,928 "," 418,915 "," 440,570 "," 375,039 "," 377,567 "," 331,839 "," 463,328 "," 910,014 "," 936,226 "
 Regional , Marlborough-Nelson-Tasman , Bus , Boardings SuperGold ," 50,910 "," 57,909 "," 68,971 "," 77,557 "," 84,240 "," 85,340 "," 96,195 "," 82,135 "," 94,690 "," 80,164 "," 64,579 "," 56,192 "," 59,065 "," 117,587 "," 118,867 "
 Regional , Marlborough-Nelson-Tasman , Bus , Fares ," 91,172 "," 291,974 "," 926,465 "," 1,024,278 "," 805,707 "," 783,176 "," 769,553 "," 739,392 "," 764,545 "," 563,206 "," 477,438 "," 419,679 "," 352,837 "," 877,348 "," 1,076,267 "
 Regional , Marlborough-Nelson-Tasman , Bus , Fleet Size , 3 , 10 , 11 , 11 , 11 , 12 , 12 , 12 , 14 , 16 , 16 , 16 , 15 , 24 , 24 
 Regional , Marlborough-Nelson-Tasman , Bus , Passenger kilometres ," 613,243 "," 1,012,158 "," 2,505,898 "," 2,802,216 "," 2,987,215 "," 3,148,750 "," 3,114,394 "," 2,973,661 "," 3,098,785 "," 2,650,367 "," 4,030,556 "," 3,845,315 "," 3,859,356 "," 8,087,816 "," 8,499,665 "
 Regional , Marlborough-Nelson-Tasman , Bus , Service kilometres ," 198,276 "," 287,362 "," 479,838 "," 487,901 "," 468,466 "," 510,640 "," 522,653 "," 472,613 "," 519,369 "," 455,810 "," 622,370 "," 596,492 "," 580,754 "," 1,319,077 "," 1,334,826 "
 Regional , Marlborough-Nelson-Tasman , Bus , SuperGold Fare Substitute ," 85,717 "," 94,550 "," 114,075 "," 129,017 "," 140,811 "," 143,110 "," 158,530 "," 138,655 "," 181,329 "," 186,736 "," 184,616 "," 184,696 "," 203,837 "," 221,099 "," 240,993 "
 Regional , Northland , Bus , Boardings ," 287,006 "," 305,735 "," 305,737 "," 323,553 "," 312,821 "," 318,249 "," 320,022 "," 295,067 "," 336,265 "," 313,698 "," 330,221 "," 283,049 "," 348,433 "," 405,076 "," 406,826 "
 Regional , Northland , Bus , Boardings SuperGold ," 50,713 "," 55,322 "," 57,487 "," 58,818 "," 60,096 "," 60,113 "," 59,687 "," 62,614 "," 73,422 "," 58,307 "," 50,976 "," 38,464 "," 35,730 "," 49,079 "," 43,806 "
 Regional , Northland , Bus , Fares ," 527,612 "," 674,644 "," 574,933 "," 561,383 "," 545,875 "," 548,473 "," 609,868 "," 608,142 "," 521,294 "," 386,299 "," 355,552 "," 283,077 "," 328,824 "," 413,521 "," 446,175 "
 Regional , Northland , Bus , Fleet Size , 10 , 13 , 9 , 9 , 8 , 11 , 11 , 11 , 15 , 15 , 14 , 14 , 14 , 14 , 22 
 Regional , Northland , Bus , Passenger kilometres ," 4,660,963 "," 4,954,507 "," 4,953,341 "," 5,232,371 "," 5,102,110 "," 5,231,135 "," 5,041,655 "," 4,641,990 "," 4,747,894 "," 4,301,113 "," 4,591,251 "," 4,608,675 "," 5,574,322 "," 6,669,063 "," 6,616,233 "
 Regional , Northland , Bus , Service kilometres ," 379,825 "," 479,441 "," 382,108 "," 387,601 "," 391,751 "," 464,035 "," 469,915 "," 475,357 "," 534,493 "," 530,366 "," 556,295 "," 514,095 "," 512,954 "," 561,237 "," 562,127 "
 Regional , Northland , Bus , SuperGold Fare Substitute ," 91,978 "," 93,807 "," 97,478 "," 99,735 "," 101,902 "," 101,931 "," 99,863 "," 103,851 "," 123,679 "," 114,855 "," 83,475 "," 83,511 "," 11,877 "," 64,502 "," 64,363 "
 Regional , Northland , Ferry , Boardings ,,,,,,,,,,,,,," 30,153 "," 34,934 "
 Regional , Northland , Ferry , Fares ,,,,,,,,,,,,,," 29,948 "," 30,566 "
 Regional , Northland , Ferry , Passenger kilometres ,,,,,,,,,,,,,," 66,337 "," 76,855 "
 Regional , Otago , Bus , Boardings ," 2,689,157 "," 2,849,372 "," 2,927,188 "," 2,851,770 "," 2,809,010 "," 2,681,639 "," 2,651,996 "," 3,238,717 "," 4,013,254 "," 3,448,757 "," 3,595,254 "," 3,173,918 "," 4,054,167 "," 5,294,327 "," 5,458,646 "
 Regional , Otago , Bus , Boardings SuperGold ," 320,849 "," 333,857 "," 341,442 "," 356,498 "," 353,972 "," 367,790 "," 380,051 "," 405,621 "," 448,091 "," 379,999 "," 396,382 "," 397,909 "," 383,117 "," 378,909 "," 409,615 "
 Regional , Otago , Bus , Fares ," 5,310,546 "," 5,234,801 "," 6,158,430 "," 6,191,511 "," 6,476,113 "," 6,604,047 "," 6,131,913 "," 7,373,568 "," 9,345,476 "," 6,111,987 "," 3,761,331 "," 3,698,858 "," 3,052,973 "," 6,442,530 "," 6,954,368 "
 Regional , Otago , Bus , Fleet Size , 81 , 89 , 96 , 93 , 105 , 94 , 92 , 92 , 93 , 102 , 102 , 102 , 102 , 105 , 106 
 Regional , Otago , Bus , Passenger kilometres ," 16,124,517 "," 16,713,193 "," 17,275,472 "," 16,689,546 "," 15,288,361 "," 14,583,594 "," 14,316,089 "," 18,014,901 ",,,,,," 32,180,320 "," 31,798,497 "
 Regional , Otago , Bus , Service kilometres ," 3,689,782 "," 3,770,639 "," 3,967,851 "," 3,881,055 "," 3,825,319 "," 4,625,482 "," 4,270,622 "," 4,771,688 "," 5,409,774 "," 5,091,003 "," 5,409,247 "," 5,302,365 "," 4,405,490 "," 5,832,363 "," 5,890,552 "
 Regional , Otago , Bus , SuperGold Fare Substitute ," 657,356 "," 668,067 "," 670,563 "," 688,228 "," 684,755 "," 719,159 "," 780,814 "," 826,743 "," 868,080 "," 868,080 "," 808,337 "," 808,687 "," 1,083,978 "," 1,195,945 "," 1,286,591 "
 Regional , Otago , Ferry , Boardings ,,,,,,,,,,,,,," 74,070 "," 71,124 "
 Regional , Otago , Ferry , Fares ,,,,,,,,,,,,,," 779,419 "," 772,776 "
 Regional , Otago , Ferry , Passenger kilometres ,,,,,,,,,,,,,," 672,556 "," 647,228 "
 Regional , Southland , Bus , Boardings ," 373,000 "," 393,000 "," 310,531 "," 266,666 "," 245,118 "," 211,425 "," 198,826 "," 187,183 "," 182,640 "," 148,349 "," 145,586 "," 109,471 "," 141,837 "," 159,968 "," 165,497 "
 Regional , Southland , Bus , Boardings SuperGold ," 25,557 "," 16,161 "," 13,036 "," 16,095 "," 25,733 "," 26,540 "," 26,853 "," 28,649 "," 30,716 "," 26,499 "," 20,621 "," 13,373 "," 15,084 "," 15,532 "," 14,956 "
 Regional , Southland , Bus , Fares ," 171,000 "," 202,000 "," 262,915 "," 333,151 "," 324,889 "," 313,583 "," 294,614 "," 281,814 "," 282,430 "," 196,062 "," 232,129 "," 164,254 "," 239,337 "," 186,752 "," 157,124 "
 Regional , Southland , Bus , Fleet Size , 19 , 10 , 14 , 14 , 13 , 15 , 15 , 17 , 17 , 17 , 17 , 17 , 16 , 16 , 16 
 Regional , Southland , Bus , Passenger kilometres ," 1,223,700 "," 1,289,040 "," 889,907 "," 1,629,000 "," 1,711,948 "," 1,615,197 "," 306,692 "," 306,000 "," 2,058,964 "," 1,093,354 "," 990,547 "," 534,144 "," 642,293 "," 847,463 "," 913,087 "
 Regional , Southland , Bus , Service kilometres ," 430,000 "," 430,000 "," 355,000 "," 301,676 "," 306,692 "," 306,692 "," 306,692 "," 306,692 "," 306,692 "," 277,675 "," 291,479 "," 314,954 "," 314,954 "," 299,824 "," 242,536 "
 Regional , Southland , Bus , SuperGold Fare Substitute ," 34,024 "," 21,009 "," 16,947 "," 9,097 "," 16,528 "," 16,738 "," 21,249 "," 22,670 "," 23,348 "," 27,236 "," 32,623 "," 32,637 "," 66,042 "," 70,450 "," 75,202 "
 Regional , Taranaki , Bus , Boardings ," 497,277 "," 543,317 "," 556,017 "," 584,371 "," 586,306 "," 605,603 "," 614,811 "," 624,286 "," 649,874 "," 537,597 "," 583,674 "," 543,736 "," 694,895 "," 772,768 "," 771,403 "
 Regional , Taranaki , Bus , Boardings SuperGold ," 41,963 "," 44,767 "," 46,828 "," 50,324 "," 51,919 "," 54,918 "," 55,217 "," 56,326 "," 59,480 "," 47,920 "," 50,730 "," 45,738 "," 49,755 "," 45,370 "," 44,644 "
 Regional , Taranaki , Bus , Fares ," 706,296 "," 777,652 "," 809,058 "," 883,308 "," 876,619 "," 924,147 "," 1,043,255 "," 1,047,868 "," 1,078,234 "," 969,108 "," 836,700 "," 745,153 "," 592,280 "," 752,704 "," 1,169,416 "
 Regional , Taranaki , Bus , Fleet Size , 36 , 36 , 37 , 36 , 37 , 40 , 40 , 41 , 43 , 46 , 45 , 51 , 51 , 51 , 51 
 Regional , Taranaki , Bus , Passenger kilometres ," 4,615,457 "," 5,071,909 "," 5,176,741 "," 5,417,954 "," 5,394,506 "," 6,866,883 "," 6,859,635 "," 6,949,591 "," 7,217,761 "," 5,790,532 "," 9,345,148 "," 5,387,420 "," 7,535,954 "," 8,232,286 "," 8,235,630 "
 Regional , Taranaki , Bus , Service kilometres ," 825,768 "," 857,159 "," 853,908 "," 677,241 "," 627,854 "," 826,669 "," 838,662 "," 814,892 "," 800,396 "," 775,629 "," 806,074 "," 1,394,882 "," 1,405,147 "," 824,761 "," 1,028,542 "
 Regional , Taranaki , Bus , SuperGold Fare Substitute ," 93,970 "," 96,240 "," 100,008 "," 106,307 "," 108,270 "," 117,998 "," 121,177 "," 123,364 "," 113,473 "," 139,057 "," 131,474 "," 64,612 "," 52,481 "," 71,711 "," 159,762 "
 Regional , Waikato , Bus , Boardings ," 4,338,802 "," 4,466,401 "," 4,322,894 "," 4,370,780 "," 4,341,361 "," 4,085,467 "," 3,988,518 "," 3,987,294 "," 4,008,457 "," 3,540,660 "," 3,273,457 "," 2,417,731 "," 3,308,192 "," 4,034,702 "," 4,187,597 "
 Regional , Waikato , Bus , Boardings SuperGold ," 348,334 "," 377,973 "," 399,444 "," 432,305 "," 418,018 "," 421,110 "," 418,411 "," 432,787 "," 463,372 "," 342,388 "," 304,363 "," 222,837 "," 276,004 "," 350,677 "," 412,868 "
 Regional , Waikato , Bus , Fares ," 6,134,968 "," 6,776,621 "," 6,232,422 "," 6,428,484 "," 6,282,491 "," 5,981,930 "," 5,711,586 "," 5,825,634 "," 5,941,092 "," 3,820,069 "," 4,469,060 "," 3,881,888 "," 2,801,185 "," 4,117,153 "," 5,852,327 "
 Regional , Waikato , Bus , Fleet Size , 87 , 88 , 88 , 88 , 88 , 89 , 91 , 99 , 105 , 105 , 105 , 118 , 121 , 123 , 111 
 Regional , Waikato , Bus , Passenger kilometres ," 35,165,667 "," 37,655,571 "," 36,924,381 "," 37,326,461 "," 37,075,223 "," 34,889,881 "," 34,061,943 "," 34,051,492 "," 35,773,853 "," 30,721,499 "," 27,955,324 "," 20,614,408 "," 28,251,882 "," 33,442,017 "," 35,762,078 "
 Regional , Waikato , Bus , Service kilometres ," 5,244,111 "," 5,718,423 "," 5,771,515 "," 5,780,209 "," 5,718,423 "," 5,706,752 "," 5,492,695 "," 5,349,662 "," 6,318,108 "," 5,677,221 "," 6,479,652 "," 6,046,228 "," 5,551,715 "," 5,853,600 "," 6,747,728 "
 Regional , Waikato , Bus , SuperGold Fare Substitute ," 659,764 "," 684,559 "," 748,726 "," 842,695 "," 816,885 "," 819,102 "," 809,621 "," 834,581 "," 837,754 "," 945,522 "," 689,773 "," 690,072 "," 983,192 "," 1,063,855 "," 1,147,311 "
 Regional , Waikato , Rail , Boardings , -   , -   , -   , -   , -   , -   , -   , -   , -   , -   , -   , -   ," 38,847 "," 82,230 "," 73,679 "
 Regional , Waikato , Rail , Boardings SuperGold ,,,,,,,,,,,,," 5,647 "," 16,036 "," 15,258 "
 Regional , Waikato , Rail , Fares ,,,,,,,,,,,,," 237,168 "," 637,867 "," 772,707 "
 Regional , Waikato , Rail , Fleet Size ,,,,,,,,,,,,, 12 , 20 , -   
 Regional , Waikato , Rail , Passenger kilometres ,,,,,,,,,,,,," 331,757 "," 681,167 "," 10,315,060 "
 Regional , Waikato , Rail , Service kilometres ,,,,,,,,,,,,," 9,897,160 "," 158,060 "," 167,440 "
 Regional , Waikato , Rail , SuperGold Fare Substitute ,,,,,,,,,,,,,," 1,650 "," 2,921 "
 Regional , Wellington , Bus , Boardings ," 24,022,706 "," 24,108,471 "," 23,607,936 "," 23,981,194 "," 24,098,765 "," 24,331,408 "," 24,437,473 "," 24,716,617 "," 24,746,993 "," 21,335,320 "," 21,670,682 "," 17,654,506 "," 22,272,833 "," 26,139,916 "," 26,193,836 "
 Regional , Wellington , Bus , Boardings SuperGold ," 1,750,030 "," 1,884,154 "," 1,945,675 "," 2,009,768 "," 2,075,325 "," 2,279,102 "," 2,293,596 "," 2,355,491 "," 2,366,943 "," 1,965,254 "," 2,165,453 "," 1,794,007 "," 1,993,603 "," 2,243,097 "," 2,480,800 "
 Regional , Wellington , Bus , Fares ," 48,455,727 "," 50,090,296 "," 50,420,769 "," 51,643,143 "," 52,108,254 "," 52,175,027 "," 52,191,252 "," 52,548,132 "," 42,657,622 "," 32,391,310 "," 36,448,404 "," 24,927,535 "," 17,587,558 "," 31,526,940 "," 39,857,635 "
 Regional , Wellington , Bus , Fleet Size , 505 , 499 , 517 , 505 , 515 , 502 , 517 , 436 , 466 , 451 , 450 , 475 , 445 , 463 , 482 
 Regional , Wellington , Bus , Passenger kilometres ," 165,844,583 "," 167,341,426 "," 167,918,929 "," 167,943,006 "," 168,211,609 "," 169,199,616 "," 169,947,585 "," 171,736,042 "," 162,335,011 "," 127,491,508 "," 121,952,897 "," 97,724,675 "," 119,837,629 "," 157,926,883 "," 162,741,753 "
 Regional , Wellington , Bus , Service kilometres ," 17,005,944 "," 16,780,946 "," 16,071,292 "," 16,550,815 "," 16,754,976 "," 16,683,161 "," 16,000,322 "," 16,107,184 "," 15,031,351 "," 14,753,195 "," 15,486,195 "," 15,509,232 "," 16,148,382 "," 16,616,271 "," 16,614,522 "
 Regional , Wellington , Bus , SuperGold Fare Substitute ," 4,197,908 "," 4,363,425 "," 4,065,850 "," 4,175,554 "," 4,301,509 "," 4,731,285 "," 4,663,563 "," 4,551,117 "," 4,304,889 "," 4,740,933 "," 4,325,949 "," 4,346,754 "," 5,568,844 "," 6,151,480 "," 6,621,038 "
 Regional , Wellington , Exempt Services , Boardings , -   , -   , -   , -   , -   , -   , -   , -   , -   , -   , -   , -   , -   , -   , -   
 Regional , Wellington , Exempt Services , Boardings SuperGold ,,,,,,,,," 220,832 "," 148,903 "," 57,042 "," 40,618 "," 50,085 "," 52,013 "," 50,881 "
 Regional , Wellington , Exempt Services , SuperGold Fare Substitute ,,,,,,,,," 858,062 "," 624,596 "," 106,726 "," 83,641 "," 108,850 "," 108,819 "," 119,480 "
 Regional , Wellington , Ferry , Boardings ," 177,101 "," 176,698 "," 192,549 "," 180,155 "," 179,106 "," 197,889 "," 195,751 "," 204,209 "," 202,201 "," 165,382 "," 167,648 "," 137,424 "," 194,661 "," 187,953 "," 128,459 "
 Regional , Wellington , Ferry , Boardings SuperGold ," 11,261 "," 10,894 "," 13,474 "," 10,811 "," 12,592 "," 14,495 "," 11,771 "," 12,950 "," 14,801 "," 10,381 "," 13,103 "," 11,542 "," 13,121 "," 6,266 "," 12,457 "
 Regional , Wellington , Ferry , Fares ," 1,107,761 "," 1,160,905 "," 1,318,960 "," 1,217,730 "," 1,280,669 "," 1,354,469 "," 1,355,796 "," 1,359,403 "," 1,406,366 "," 1,034,086 "," 1,201,370 "," 1,034,134 "," 1,473,610 "," 932,204 "," 1,174,390 "
 Regional , Wellington , Ferry , Fleet Size , 2 , 2 , 2 , 2 , 2 , 2 , 2 , 2 , 2 , 2 , 2 , 3 , 3 , 3 , 3 
 Regional , Wellington , Ferry , Passenger kilometres ," 1,946,671 "," 1,651,901 "," 1,817,630 "," 1,990,624 "," 1,964,131 "," 2,209,722 "," 2,124,039 "," 2,213,561 "," 2,195,916 "," 1,782,263 "," 1,788,189 "," 1,559,803 "," 2,213,295 "," 2,137,010 "," 1,496,437 "
 Regional , Wellington , Ferry , Service kilometres ," 97,908 "," 106,261 "," 109,083 "," 104,858 "," 100,304 "," 107,216 "," 97,181 "," 95,535 "," 99,226 "," 85,507 "," 118,386 "," 96,282 "," 118,262 "," 102,355 "," 95,036 "
 Regional , Wellington , Ferry , SuperGold Fare Substitute ," 70,388 "," 64,654 "," 83,093 "," 67,216 "," 78,289 "," 90,121 "," 73,185 "," 71,420 "," 81,382 "," 107,796 "," 84,734 "," 83,456 "," 85,404 "," 89,239 "," 93,484 "
 Regional , Wellington , Rail , Boardings ," 11,202,227 "," 11,247,139 "," 11,355,403 "," 11,643,292 "," 12,128,995 "," 12,801,182 "," 13,121,525 "," 13,552,866 "," 14,323,878 "," 11,489,110 "," 11,270,837 "," 8,133,999 "," 10,711,688 "," 11,290,959 "," 10,425,644 "
 Regional , Wellington , Rail , Boardings SuperGold ," 290,509 "," 348,301 "," 405,052 "," 434,467 "," 464,910 "," 548,094 "," 536,821 "," 559,952 "," 580,943 "," 416,093 "," 449,042 "," 357,437 "," 328,458 "," 265,418 "," 340,072 "
 Regional , Wellington , Rail , Fares ," 35,102,000 "," 37,981,404 "," 40,390,621 "," 41,437,709 "," 43,242,806 "," 45,661,790 "," 48,191,936 "," 50,642,622 "," 53,124,457 "," 40,427,574 "," 43,282,900 "," 27,339,539 "," 18,408,462 "," 33,615,844 "," 37,904,323 "
 Regional , Wellington , Rail , Fleet Size , 163 , 166 , 164 , 164 , 164 , 170 , 184 , 190 , 190 , 190 , 190 , 190 , 190 , 190 , -   
 Regional , Wellington , Rail , Passenger kilometres ," 260,940,146 "," 267,528,273 "," 269,476,824 "," 274,211,501 "," 290,527,197 "," 305,684,273 "," 311,011,027 "," 320,102,960 "," 339,526,173 "," 272,506,244 "," 267,388,819 "," 190,217,444 "," 249,801,486 "," 266,335,721 "," 251,420,361 "
 Regional , Wellington , Rail , Service kilometres ," 3,268,116 "," 3,306,210 "," 3,413,605 "," 3,411,182 "," 3,580,362 "," 3,455,316 "," 3,373,101 "," 3,411,587 "," 3,587,714 "," 3,472,969 "," 3,588,935 "," 3,525,229 "," 3,610,361 "," 3,178,363 "," 3,053,303 "
 Regional , Wellington , Rail , SuperGold Fare Substitute ," 1,193,022 "," 1,374,439 "," 1,688,926 "," 1,838,628 "," 1,968,129 "," 2,320,026 "," 2,262,804 "," 2,208,244 "," 2,412,705 "," 2,834,516 "," 2,639,862 "," 2,623,393 "," 2,699,171 "," 2,795,164 "," 2,926,797 "
 Regional , West Coast , Bus , Boardings ," 29,958 "," 29,727 "," 40,518 "," 24,173 "," 23,952 "," 24,549 "," 9,000 ",,,,,,,,
 Regional , West Coast , Bus , Fares ," 206,338 "," 216,287 "," 262,378 "," 285,797 "," 275,470 "," 273,656 "," 115,000 ",,,,,,,,
 Regional , West Coast , Bus , Fleet Size , 3 , 3 , 6 , 6 , 6 , 6 , 6 , 3 , 3 , 3 , 3 , 3 ,,,
 Regional , West Coast , Bus , Passenger kilometres ," 111,662 "," 110,956 "," 153,369 "," 138,508 "," 134,016 "," 135,886 "," 65,000 ",,,,,,,,
 Regional , West Coast , Bus , Service kilometres ,,," 93,860 "," 69,706 "," 69,700 "," 69,700 "," 65,000 "," 76,051 "," 130,918 "," 142,412 "," 128,450 "," 97,019 "," 109,046 "," 118,610 ",
 Territorial , Auckland City , Bus , Boardings ," 51,163,334 "," 54,827,193 "," 53,530,078 "," 55,851,701 "," 59,796,338 "," 60,239,483 "," 62,697,533 "," 66,163,292 "," 73,047,950 "," 59,863,113 "," 48,661,763 "," 31,379,961 "," 54,659,318 "," 67,060,998 "," 70,169,455 "
 Territorial , Auckland City , Bus , Boardings SuperGold ," 4,448,046 "," 4,836,141 "," 4,968,735 "," 5,490,080 "," 5,929,067 "," 5,748,050 "," 5,606,496 "," 6,342,792 "," 7,629,427 "," 6,320,636 "," 5,557,601 "," 3,991,057 "," 5,568,487 "," 6,303,463 "," 6,454,373 "
 Territorial , Auckland City , Bus , Fares ," 87,076,898 "," 95,651,873 "," 99,602,076 "," 106,031,370 "," 120,456,055 "," 125,011,738 "," 116,564,731 "," 117,517,141 "," 115,177,279 "," 92,447,812 "," 75,184,196 "," 39,533,917 "," 47,891,443 "," 106,685,636 "," 119,898,881 "
 Territorial , Auckland City , Bus , Fleet Size , 958 , 994 ," 1,042 "," 1,053 "," 1,160 "," 1,201 "," 1,314 "," 1,350 "," 1,362 "," 1,329 "," 1,355 "," 1,360 "," 1,356 "," 1,344 "," 1,373 "
 Territorial , Auckland City , Bus , Passenger kilometres ," 354,516,132 "," 449,258,834 "," 438,790,183 "," 507,174,739 "," 458,675,254 "," 454,254,076 "," 451,904,530 "," 459,007,167 "," 493,766,997 "," 397,023,682 "," 329,055,295 "," 202,932,141 "," 367,020,275 "," 446,341,356 "," 454,352,296 "
 Territorial , Auckland City , Bus , Service kilometres ," 40,962,837 "," 41,564,412 "," 46,175,186 "," 47,901,288 "," 48,631,594 "," 46,189,045 "," 49,551,838 "," 54,279,010 "," 61,976,050 "," 61,287,895 "," 62,075,540 "," 55,519,985 "," 56,039,222 "," 61,932,604 "," 66,202,837 "
 Territorial , Auckland City , Bus , SuperGold Fare Substitute ," 7,170,949 "," 7,396,795 "," 7,711,260 "," 8,565,284 "," 9,833,733 "," 10,467,851 "," 9,466,776 "," 10,456,270 "," 10,606,538 "," 10,881,365 "," 11,317,244 "," 11,116,077 "," 12,042,261 "," 13,669,666 "," 14,821,287 "
 Territorial , Auckland City , Ferry , Boardings ," 4,735,717 "," 5,049,627 "," 4,957,052 "," 5,109,953 "," 5,536,389 "," 5,878,184 "," 6,149,274 "," 6,041,157 "," 6,311,101 "," 4,982,774 "," 4,212,583 "," 2,714,699 "," 4,434,449 "," 4,963,821 "," 6,975,004 "
 Territorial , Auckland City , Ferry , Boardings SuperGold ," 299,597 "," 341,783 "," 374,343 "," 404,419 "," 444,810 "," 446,765 "," 401,751 "," 424,979 "," 483,973 "," 361,395 "," 381,433 "," 266,299 "," 363,733 "," 578,922 "," 376,185 "
 Territorial , Auckland City , Ferry , Fares ," 22,609,543 "," 25,765,406 "," 26,339,979 "," 25,557,061 "," 26,982,679 "," 30,163,624 "," 32,907,265 "," 34,214,037 "," 35,460,832 "," 27,512,573 "," 21,870,346 "," 12,119,571 "," 9,272,583 "," 51,465,455 "," 48,131,904 "
 Territorial , Auckland City , Ferry , Fleet Size , 22 , 23 , 23 , 26 , 27 , 28 , 29 , 29 , 29 , 29 , 30 , 30 , 29 , 31 , 29 
 Territorial , Auckland City , Ferry , Passenger kilometres ," 52,771,317 "," 71,296,085 "," 74,877,792 "," 66,571,640 "," 75,317,758 "," 80,659,606 "," 84,363,882 "," 82,715,286 "," 87,404,675 "," 67,528,494 "," 58,481,496 "," 40,006,227 "," 64,843,331 "," 71,035,168 "," 65,776,766 "
 Territorial , Auckland City , Ferry , Service kilometres ," 834,203 "," 844,583 "," 850,030 "," 873,012 "," 938,976 "," 1,453,393 "," 1,441,590 "," 1,498,248 "," 1,456,113 "," 1,346,128 "," 1,125,399 "," 996,262 "," 1,389,896 "," 1,102,946 "," 1,330,891 "
 Territorial , Auckland City , Ferry , SuperGold Fare Substitute ," 1,892,123 "," 2,364,264 "," 2,392,176 "," 2,546,393 "," 2,774,197 "," 2,631,736 "," 2,245,586 "," 2,057,879 "," 2,684,086 "," 2,611,184 "," 2,719,875 "," 3,167,919 "," 3,224,349 "," 3,837,603 "," 4,235,176 "
 Territorial , Auckland City , Rail , Boardings ," 9,864,604 "," 10,904,160 "," 10,038,806 "," 11,435,082 "," 13,916,822 "," 16,786,493 "," 19,595,151 "," 20,148,332 "," 21,389,847 "," 17,444,294 "," 11,129,107 "," 7,124,283 "," 11,931,193 "," 12,524,482 "," 13,730,337 "
 Territorial , Auckland City , Rail , Boardings SuperGold ," 409,275 "," 486,288 "," 552,034 "," 548,854 "," 679,040 "," 792,734 "," 798,618 "," 848,542 "," 997,914 "," 830,746 "," 557,142 "," 405,590 "," 527,746 "," 564,467 "," 727,240 "
 Territorial , Auckland City , Rail , Fares ," 24,258,502 "," 27,126,458 "," 27,129,023 "," 30,635,932 "," 38,109,447 "," 44,660,051 "," 47,975,437 "," 46,198,364 "," 50,460,433 "," 41,683,721 "," 26,230,446 "," 13,681,805 "," 15,717,158 "," 33,374,775 "," 36,758,366 "
 Territorial , Auckland City , Rail , Fleet Size , 148 , 148 , 148 , 157 , 174 , 191 , 191 , 189 , 189 , 199 , 232 , 232 , 216 , 216 , -   
 Territorial , Auckland City , Rail , Passenger kilometres ," 142,647,712 "," 166,093,024 "," 158,689,294 "," 165,580,031 "," 186,728,067 "," 222,563,399 "," 262,120,352 "," 249,509,228 "," 260,582,994 "," 209,076,698 "," 131,015,563 "," 84,444,881 "," 142,644,747 "," 161,439,134 "," 169,989,648 "
 Territorial , Auckland City , Rail , Service kilometres ," 2,525,422 "," 2,699,446 "," 2,931,068 "," 3,105,123 "," 3,462,584 "," 3,806,841 "," 3,874,656 "," 4,016,122 "," 4,337,703 "," 4,175,304 "," 3,415,367 "," 3,589,214 "," 4,527,482 "," 2,956,142 "," 3,385,975 "
 Territorial , Auckland City , rail , SuperGold Fare Substitute ," 838,960 "," 985,569 "," 1,173,192 "," 1,166,434 "," 1,540,159 "," 1,906,508 "," 1,697,237 "," 1,874,637 "," 1,930,342 "," 2,026,860 "," 2,368,360 "," 2,462,834 "," 2,578,804 "," 2,733,039 "," 2,885,576 "
 Territorial , Bay of Plenty Regional Council , Bus , Boardings ," 2,479,589 "," 2,853,490 "," 2,854,444 "," 3,005,049 "," 3,109,603 "," 3,324,774 "," 3,142,802 "," 2,895,716 "," 2,714,912 "," 2,362,428 "," 2,678,839 "," 2,253,786 "," 2,734,308 "," 3,694,984 "," 3,681,767 "
 Territorial , Bay of Plenty Regional Council , Bus , Boardings SuperGold ," 314,827 "," 365,520 "," 376,141 "," 397,060 "," 379,413 "," 382,892 "," 389,608 "," 393,521 "," 429,742 "," 331,290 "," 387,620 "," 318,916 "," 306,872 "," 332,958 "," 305,101 "
 Territorial , Bay of Plenty Regional Council , Bus , Fares ," 3,041,104 "," 3,547,320 "," 3,891,636 "," 3,850,986 "," 3,933,336 "," 4,081,526 "," 4,055,284 "," 3,958,600 "," 3,732,111 "," 2,563,873 "," 2,136,175 "," 1,480,636 "," 1,272,628 "," 2,187,300 "," 2,400,123 "
 Territorial , Bay of Plenty Regional Council , Bus , Fleet Size , 59 , 60 , 60 , 62 , 106 , 108 , 109 , 118 , 151 , 183 , 169 , 150 , 187 , 199 , 202 
 Territorial , Bay of Plenty Regional Council , Bus , Passenger kilometres ," 21,202,596 "," 26,017,243 "," 26,368,092 "," 25,050,302 "," 26,556,095 "," 26,766,310 "," 26,655,919 "," 24,005,085 "," 22,520,713 "," 19,730,790 "," 22,591,016 "," 19,401,622 "," 23,824,982 "," 32,761,524 "," 32,089,931 "
 Territorial , Bay of Plenty Regional Council , Bus , Service kilometres ," 5,117,546 "," 4,760,476 "," 4,713,062 "," 4,798,674 "," 5,504,912 "," 6,501,886 "," 6,373,009 "," 5,636,941 "," 6,291,941 "," 6,242,680 "," 7,302,702 "," 6,379,603 "," 5,784,089 "," 5,791,449 "," 5,350,867 "
 Territorial , Bay of Plenty Regional Council , Bus , SuperGold Fare Substitute ," 492,818 "," 547,719 "," 627,281 "," 674,753 "," 643,038 "," 653,967 "," 714,573 "," 721,917 "," 768,212 "," 843,504 "," 914,864 "," 915,234 "," 974,040 "," 1,063,724 "," 1,142,201 "
 Territorial , Bay of Plenty Regional Council , Ferry , Boardings ," 28,411 "," 24,666 "," 26,321 "," 29,959 "," 28,778 "," 28,028 "," 30,405 "," 25,414 "," 27,182 "," 23,786 "," 24,516 "," 20,844 "," 29,792 "," 32,744 "," 29,292 "
 Territorial , Bay of Plenty Regional Council , Ferry , Fares ," 38,761 "," 33,497 "," 35,699 "," 40,885 "," 39,415 ",,,,,," 29,748 "," 29,400 "," 41,285 "," 45,276 "," 40,748 "
 Territorial , Bay of Plenty Regional Council , Ferry , Fleet Size , 1 , 1 , 1 , 1 , 1 , 1 , 1 , 1 , 1 , 1 , 1 , 1 , 1 , 1 , 1 
 Territorial , Bay of Plenty Regional Council , Ferry , Passenger kilometres ," 85,233 "," 73,998 "," 78,963 "," 89,877 "," 86,334 ",,,,,,,,," 115,422 "," 103,254 "
 Territorial , Bay of Plenty Regional Council , Ferry , Service kilometres ," 8,760 "," 8,448 "," 8,760 "," 8,760 "," 8,424 ",,,,,,,,," 10,321 ", -   
 Territorial , Buller District , Bus , Boardings ," 5,634 "," 5,403 "," 14,268 "," 14,996 "," 14,775 "," 15,372 ",,,,,,,,,
 Territorial , Buller District , Bus , Fares ," 98,411 "," 108,360 "," 147,228 "," 170,647 "," 160,470 "," 158,656 ",,,,,,,,,
 Territorial , Buller District , Bus , Fleet Size , 3 , 3 , 3 , 3 , 3 , 3 , 3 , 3 , 3 , 3 , 3 , 3 ,,,
 Territorial , Buller District , Bus , Passenger kilometres ," 46,402 "," 45,696 "," 59,509 "," 68,802 "," 64,316 "," 66,186 ",,,,,,,,,
 Territorial , Buller District , Bus , Service kilometres ,,,,,,,," 76,051 "," 130,918 "," 142,412 "," 128,450 "," 97,019 "," 109,046 "," 118,610 ",
 Territorial , Canterbury Regional Council , Bus , Boardings ," 13,109,822 "," 11,352,649 "," 13,417,358 "," 14,174,013 "," 14,219,679 "," 13,737,967 "," 13,249,574 "," 13,621,278 "," 13,715,126 "," 11,035,588 "," 10,313,062 "," 8,832,320 "," 11,667,358 "," 14,573,493 "," 15,220,103 "
 Territorial , Canterbury Regional Council , Bus , Boardings SuperGold ," 1,287,783 "," 1,163,030 "," 1,277,651 "," 1,344,205 "," 1,366,788 "," 1,365,649 "," 1,387,216 "," 1,453,175 "," 1,561,453 "," 1,186,002 "," 1,301,479 "," 1,113,854 "," 1,407,268 "," 1,406,863 "," 1,456,489 "
 Territorial , Canterbury Regional Council , Bus , Fares ," 17,998,780 "," 13,470,415 "," 15,780,886 "," 16,437,967 "," 18,731,244 "," 21,364,693 "," 20,506,470 "," 18,286,609 "," 18,975,314 "," 14,191,708 "," 13,411,796 "," 10,225,452 "," 8,249,456 "," 12,084,091 "," 12,591,854 "
 Territorial , Canterbury Regional Council , Bus , Fleet Size , 321 , 280 , 263 , 244 , 241 , 240 , 254 , 254 , 254 , 254 , 240 , 245 , 276 , 305 , 310 
 Territorial , Canterbury Regional Council , Bus , Passenger kilometres ," 111,433,488 "," 96,497,517 "," 114,047,543 "," 120,479,110 "," 120,867,272 "," 116,772,720 "," 112,621,379 "," 115,938,408 ",,,,,," 122,885,078 "," 128,695,277 "
 Territorial , Canterbury Regional Council , Bus , Service kilometres ," 20,392,554 "," 18,373,496 "," 16,794,358 "," 17,479,590 "," 17,264,677 "," 15,941,822 "," 16,043,222 "," 16,453,197 "," 15,904,210 "," 15,947,696 "," 16,812,550 "," 16,258,187 "," 16,859,222 "," 15,798,077 "," 16,225,778 "
 Territorial , Canterbury Regional Council , Bus , SuperGold Fare Substitute ," 2,551,326 "," 2,133,997 "," 2,346,406 "," 2,648,429 "," 2,751,623 "," 2,751,922 "," 3,172,874 "," 2,955,556 "," 2,999,553 "," 3,350,567 "," 3,074,098 "," 3,082,141 "," 3,291,248 "," 3,702,526 "," 4,002,770 "
 Territorial , Canterbury Regional Council , Ferry , Boardings ," 122,393 "," 79,818 "," 112,480 "," 130,466 "," 124,416 "," 121,107 "," 113,002 "," 129,102 "," 151,094 "," 126,641 "," 132,938 "," 114,190 "," 135,176 "," 155,203 "," 174,998 "
 Territorial , Canterbury Regional Council , Ferry , Boardings SuperGold ," 9,489 "," 12,163 "," 18,372 "," 18,927 "," 19,301 "," 18,199 "," 17,508 "," 20,045 "," 26,996 "," 20,102 "," 25,140 "," 20,612 "," 26,553 "," 23,910 "," 26,585 "
 Territorial , Canterbury Regional Council , Ferry , Fares ," 258,909 "," 189,231 "," 272,064 "," 327,178 "," 344,370 "," 395,006 "," 385,268 "," 376,427 "," 405,168 "," 308,805 "," 352,882 "," 276,749 "," 201,832 "," 385,850 "," 442,317 "
 Territorial , Canterbury Regional Council , Ferry , Fleet Size , 2 , 2 , 1 , 1 , 1 , 1 , 1 , 1 , 1 , 1 , 1 , 1 , 1 , 1 , 2 
 Territorial , Canterbury Regional Council , Ferry , Passenger kilometres ," 282,447 "," 239,454 "," 337,440 "," 391,398 "," 373,248 "," 363,321 "," 339,006 "," 387,306 ",,,,," 378,171 "," 465,609 "," 524,994 "
 Territorial , Canterbury Regional Council , Ferry , Service kilometres ," 47,481 "," 47,476 "," 47,482 "," 47,268 "," 47,223 "," 47,466 "," 47,466 "," 47,666 "," 47,666 "," 47,466 "," 45,977 "," 45,974 "," 45,974 "," 38,849 "," 41,172 "
 Territorial , Canterbury Regional Council , Ferry , SuperGold Fare Substitute ," 30,468 "," 38,499 "," 58,151 "," 65,062 "," 67,637 "," 63,776 "," 64,323 "," 59,917 "," 66,201 "," 78,844 "," 73,269 "," 66,592 "," 69,999 "," 77,759 "," 82,586 "
 Territorial , Gisborne District , Bus , Boardings ," 152,258 "," 157,596 "," 157,008 "," 139,473 "," 138,261 "," 146,129 "," 142,373 "," 142,082 "," 133,426 "," 100,054 "," 121,487 "," 116,408 "," 123,343 "," 123,934 "," 130,194 "
 Territorial , Gisborne District , Bus , Boardings SuperGold ," 17,084 "," 16,751 "," 17,325 "," 12,532 "," 12,328 "," 13,166 "," 12,228 "," 13,694 "," 12,962 "," 13,088 "," 13,156 "," 10,452 "," 11,306 "," 13,799 "," 12,796 "
 Territorial , Gisborne District , Bus , Fares ," 187,226 "," 194,766 "," 196,872 "," 168,140 "," 164,190 "," 116,160 "," 159,593 "," 146,018 "," 143,684 "," 115,680 "," 119,516 "," 93,477 "," 68,745 "," 99,959 "," 138,234 "
 Territorial , Gisborne District , Bus , Fleet Size , 11 , 11 , 11 , 11 , 11 , 12 , 12 , 12 , 12 , 12 , 12 , 12 , 12 , 12 , 13 
 Territorial , Gisborne District , Bus , Passenger kilometres ," 913,548 "," 945,576 "," 942,048 "," 836,838 "," 829,566 "," 1,065,440 "," 869,578 "," 870,020 "," 875,573 "," 602,283 "," 1,348,159 "," 1,055,145 "," 1,163,212 "," 1,561,626 "," 1,645,110 "
 Territorial , Gisborne District , Bus , Service kilometres ," 127,481 "," 129,552 "," 129,552 "," 103,512 "," 103,512 "," 107,652 "," 112,526 "," 113,217 "," 115,995 "," 173,558 "," 173,558 "," 188,481 "," 245,345 "," 126,840 "," 133,866 "
 Territorial , Gisborne District , Bus , SuperGold Fare Substitute ," 20,658 "," 18,936 "," 19,585 "," 14,167 "," 13,936 "," 14,883 "," 13,823 "," 15,480 "," 15,647 "," 13,955 "," 13,089 "," 13,095 "," 34,022 "," 31,702 "," 30,493 "
 Territorial , Greater Wellington , Bus , Boardings ," 24,022,706 "," 24,108,471 "," 23,607,936 "," 23,981,194 "," 24,098,765 "," 24,331,408 "," 24,437,473 "," 24,716,617 "," 24,746,993 "," 21,335,320 "," 21,670,682 "," 17,654,506 "," 22,272,833 "," 26,139,916 "," 26,193,836 "
 Territorial , Greater Wellington , Bus , Boardings SuperGold ," 1,750,030 "," 1,884,154 "," 1,945,675 "," 2,009,768 "," 2,075,325 "," 2,279,102 "," 2,293,596 "," 2,355,491 "," 2,366,943 "," 1,965,254 "," 2,165,453 "," 1,794,007 "," 1,993,603 "," 2,243,097 "," 2,480,800 "
 Territorial , Greater Wellington , Bus , Fares ," 48,455,727 "," 50,090,296 "," 50,420,769 "," 51,643,143 "," 52,108,254 "," 52,175,027 "," 52,191,252 "," 52,548,132 "," 42,657,622 "," 32,391,310 "," 36,448,404 "," 24,927,535 "," 17,587,558 "," 31,526,940 "," 39,857,635 "
 Territorial , Greater Wellington , Bus , Fleet Size , 505 , 499 , 517 , 505 , 515 , 502 , 517 , 436 , 466 , 451 , 450 , 475 , 445 , 463 , 482 
 Territorial , Greater Wellington , Bus , Passenger kilometres ," 165,844,583 "," 167,341,426 "," 167,918,929 "," 167,943,006 "," 168,211,609 "," 169,199,616 "," 169,947,585 "," 171,736,042 "," 162,335,011 "," 127,491,508 "," 121,952,897 "," 97,724,675 "," 119,837,629 "," 157,926,883 "," 162,741,753 "
 Territorial , Greater Wellington , Bus , Service kilometres ," 17,005,944 "," 16,780,946 "," 16,071,292 "," 16,550,815 "," 16,754,976 "," 16,683,161 "," 16,000,322 "," 16,107,184 "," 15,031,351 "," 14,753,195 "," 15,486,195 "," 15,509,232 "," 16,148,382 "," 16,616,271 "," 16,614,522 "
 Territorial , Greater Wellington , Bus , SuperGold Fare Substitute ," 4,197,908 "," 4,363,425 "," 4,065,850 "," 4,175,554 "," 4,301,509 "," 4,731,285 "," 4,663,563 "," 4,551,117 "," 4,304,889 "," 4,740,933 "," 4,325,949 "," 4,346,754 "," 5,568,844 "," 6,151,480 "," 6,621,038 "
 Territorial , Greater Wellington , Exempt Services , Boardings , -   , -   , -   , -   , -   , -   , -   , -   , -   , -   , -   , -   , -   , -   , -   
 Territorial , Greater Wellington , Exempt Services , Boardings SuperGold ,,,,,,,,," 220,832 "," 148,903 "," 57,042 "," 40,618 "," 50,085 "," 52,013 "," 50,881 "
 Territorial , Greater Wellington , Exempt Services , SuperGold Fare Substitute ,,,,,,,,," 858,062 "," 624,596 "," 106,726 "," 83,641 "," 108,850 "," 108,819 "," 119,480 "
 Territorial , Greater Wellington , Ferry , Boardings ," 177,101 "," 176,698 "," 192,549 "," 180,155 "," 179,106 "," 197,889 "," 195,751 "," 204,209 "," 202,201 "," 165,382 "," 167,648 "," 137,424 "," 194,661 "," 187,953 "," 128,459 "
 Territorial , Greater Wellington , Ferry , Boardings SuperGold ," 11,261 "," 10,894 "," 13,474 "," 10,811 "," 12,592 "," 14,495 "," 11,771 "," 12,950 "," 14,801 "," 10,381 "," 13,103 "," 11,542 "," 13,121 "," 6,266 "," 12,457 "
 Territorial , Greater Wellington , Ferry , Fares ," 1,107,761 "," 1,160,905 "," 1,318,960 "," 1,217,730 "," 1,280,669 "," 1,354,469 "," 1,355,796 "," 1,359,403 "," 1,406,366 "," 1,034,086 "," 1,201,370 "," 1,034,134 "," 1,473,610 "," 932,204 "," 1,174,390 "
 Territorial , Greater Wellington , Ferry , Fleet Size , 2 , 2 , 2 , 2 , 2 , 2 , 2 , 2 , 2 , 2 , 2 , 3 , 3 , 3 , 3 
 Territorial , Greater Wellington , Ferry , Passenger kilometres ," 1,946,671 "," 1,651,901 "," 1,817,630 "," 1,990,624 "," 1,964,131 "," 2,209,722 "," 2,124,039 "," 2,213,561 "," 2,195,916 "," 1,782,263 "," 1,788,189 "," 1,559,803 "," 2,213,295 "," 2,137,010 "," 1,496,437 "
 Territorial , Greater Wellington , Ferry , Service kilometres ," 97,908 "," 106,261 "," 109,083 "," 104,858 "," 100,304 "," 107,216 "," 97,181 "," 95,535 "," 99,226 "," 85,507 "," 118,386 "," 96,282 "," 118,262 "," 102,355 "," 95,036 "
 Territorial , Greater Wellington , Ferry , SuperGold Fare Substitute ," 70,388 "," 64,654 "," 83,093 "," 67,216 "," 78,289 "," 90,121 "," 73,185 "," 71,420 "," 81,382 "," 107,796 "," 84,734 "," 83,456 "," 85,404 "," 89,239 "," 93,484 "
 Territorial , Greater Wellington , Rail , Boardings ," 11,202,227 "," 11,247,139 "," 11,355,403 "," 11,643,292 "," 12,128,995 "," 12,801,182 "," 13,121,525 "," 13,552,866 "," 14,323,878 "," 11,489,110 "," 11,270,837 "," 8,133,999 "," 10,711,688 "," 11,290,959 "," 10,425,644 "
 Territorial , Greater Wellington , Rail , Boardings SuperGold ," 290,509 "," 348,301 "," 405,052 "," 434,467 "," 464,910 "," 548,094 "," 536,821 "," 559,952 "," 580,943 "," 416,093 "," 449,042 "," 357,437 "," 328,458 "," 265,418 "," 340,072 "
 Territorial , Greater Wellington , Rail , Fares ," 35,102,000 "," 37,981,404 "," 40,390,621 "," 41,437,709 "," 43,242,806 "," 45,661,790 "," 48,191,936 "," 50,642,622 "," 53,124,457 "," 40,427,574 "," 43,282,900 "," 27,339,539 "," 18,408,462 "," 33,615,844 "," 37,904,323 "
 Territorial , Greater Wellington , Rail , Fleet Size , 163 , 166 , 164 , 164 , 164 , 170 , 184 , 190 , 190 , 190 , 190 , 190 , 190 , 190 , -   
 Territorial , Greater Wellington , Rail , Passenger kilometres ," 260,940,146 "," 267,528,273 "," 269,476,824 "," 274,211,501 "," 290,527,197 "," 305,684,273 "," 311,011,027 "," 320,102,960 "," 339,526,173 "," 272,506,244 "," 267,388,819 "," 190,217,444 "," 249,801,486 "," 266,335,721 "," 251,420,361 "
 Territorial , Greater Wellington , Rail , Service kilometres ," 3,268,116 "," 3,306,210 "," 3,413,605 "," 3,411,182 "," 3,580,362 "," 3,455,316 "," 3,373,101 "," 3,411,587 "," 3,587,714 "," 3,472,969 "," 3,588,935 "," 3,525,229 "," 3,610,361 "," 3,178,363 "," 3,053,303 "
 Territorial , Greater Wellington , Rail , SuperGold Fare Substitute ," 1,193,022 "," 1,374,439 "," 1,688,926 "," 1,838,628 "," 1,968,129 "," 2,320,026 "," 2,262,804 "," 2,208,244 "," 2,412,705 "," 2,834,516 "," 2,639,862 "," 2,623,393 "," 2,699,171 "," 2,795,164 "," 2,926,797 "
 Territorial , Hawkes Bay Regional Council , Bus , Boardings ," 554,647 "," 681,566 "," 761,392 "," 799,845 "," 744,381 "," 694,557 "," 688,151 "," 666,127 "," 645,297 "," 511,667 "," 602,341 "," 438,178 "," 405,561 "," 490,816 "," 567,843 "
 Territorial , Hawkes Bay Regional Council , Bus , Boardings SuperGold ," 80,727 "," 101,898 "," 118,531 "," 125,649 "," 115,753 "," 118,838 "," 117,419 "," 119,088 "," 115,356 "," 84,960 "," 92,709 "," 65,356 "," 52,638 "," 55,207 "," 64,221 "
 Territorial , Hawkes Bay Regional Council , Bus , Fares ," 822,592 "," 979,472 "," 1,127,073 "," 1,266,096 "," 1,189,593 "," 1,109,845 "," 1,085,169 "," 1,026,323 "," 1,009,103 "," 680,131 "," 518,894 "," 395,724 "," 252,616 "," 525,955 "," 769,210 "
 Territorial , Hawkes Bay Regional Council , Bus , Fleet Size , 20 , 26 , 28 , 26 , 24 , 22 , 23 , 25 , 24 , 24 , 25 , 25 , 25 , 25 , 26 
 Territorial , Hawkes Bay Regional Council , Bus , Passenger kilometres ," 3,882,529 "," 4,770,892 "," 5,558,531 "," 5,838,868 "," 7,555,620 "," 7,161,305 "," 7,335,951 "," 7,047,233 "," 6,949,061 "," 5,413,623 "," 5,487,018 "," 4,789,741 "," 3,955,092 "," 5,058,481 "," 5,473,108 "
 Territorial , Hawkes Bay Regional Council , Bus , Service kilometres ," 794,660 "," 1,036,045 "," 1,146,751 "," 1,200,851 "," 932,537 "," 962,107 "," 1,021,868 "," 1,022,000 "," 1,023,500 "," 1,000,111 "," 5,162,954 "," 5,162,954 "," 5,161,058 "," 919,999 "," 1,050,302 "
 Territorial , Hawkes Bay Regional Council , Bus , SuperGold Fare Substitute ," 173,089 "," 210,796 "," 245,205 "," 259,930 "," 239,458 "," 245,840 "," 242,904 "," 246,357 "," 248,796 "," 236,051 "," 236,330 "," 236,433 "," 251,976 "," 164,723 "," 285,117 "
 Territorial , Horizons Manawatu , Bus , Boardings ," 1,599,934 "," 1,635,096 "," 1,620,202 "," 1,577,158 "," 1,447,403 "," 1,356,938 "," 1,301,374 "," 1,390,386 "," 1,335,248 "," 993,364 "," 864,522 "," 607,897 "," 838,802 "," 1,078,318 "," 1,402,349 "
 Territorial , Horizons Manawatu , Bus , Boardings SuperGold ," 90,333 "," 95,649 "," 100,064 "," 102,614 "," 99,231 "," 98,341 "," 100,947 "," 110,753 "," 118,069 "," 83,585 "," 86,870 "," 75,730 "," 89,213 "," 104,474 "," 133,659 "
 Territorial , Horizons Manawatu , Bus , Fares ," 1,079,544 "," 1,144,606 "," 1,292,679 "," 1,382,208 "," 1,249,700 "," 1,170,942 "," 986,528 "," 1,098,247 "," 1,091,921 "," 700,259 "," 664,680 "," 582,802 "," 738,195 "," 639,146 "," 953,934 "
 Territorial , Horizons Manawatu , Bus , Fleet Size , 46 , 48 , 52 , 52 , 50 , 52 , 48 , 46 , 45 , 42 , 46 , 44 , 50 , 72 , 73 
 Territorial , Horizons Manawatu , Bus , Passenger kilometres ," 16,371,395 "," 16,621,807 "," 16,638,914 "," 16,417,477 "," 16,161,786 "," 14,107,670 "," 12,681,922 "," 13,127,422 "," 13,369,334 "," 9,640,769 "," 8,914,763 "," 6,807,273 "," 9,081,991 "," 11,682,623 "," 13,965,194 "
 Territorial , Horizons Manawatu , Bus , Service kilometres ," 1,375,530 "," 1,381,737 "," 1,422,181 "," 1,391,569 "," 1,394,002 "," 1,440,200 "," 1,528,352 "," 1,703,613 "," 1,611,916 "," 1,536,508 "," 1,626,984 "," 1,603,741 "," 1,725,000 "," 2,119,359 "," 3,561,967 "
 Territorial , Horizons Manawatu , Bus , SuperGold Fare Substitute ," 116,403 "," 135,255 "," 149,525 "," 154,027 "," 148,156 "," 146,738 "," 155,727 "," 174,858 "," 179,302 "," 210,967 "," 259,671 "," 259,783 "," 274,832 "," 300,905 "," 324,123 "
 Territorial , Invercargill City , Bus , Boardings ," 373,000 "," 393,000 "," 310,531 "," 266,666 "," 245,118 "," 211,425 "," 198,826 "," 187,183 "," 182,640 "," 148,349 "," 145,586 "," 109,471 "," 141,837 "," 159,968 "," 165,497 "
 Territorial , Invercargill City , Bus , Boardings SuperGold ," 25,557 "," 16,161 "," 13,036 "," 16,095 "," 25,733 "," 26,540 "," 26,853 "," 28,649 "," 30,716 "," 26,499 "," 20,621 "," 13,373 "," 15,084 "," 15,532 "," 14,956 "
 Territorial , Invercargill City , Bus , Fares ," 171,000 "," 202,000 "," 262,915 "," 333,151 "," 324,889 "," 313,583 "," 294,614 "," 281,814 "," 282,430 "," 196,062 "," 232,129 "," 164,254 "," 239,337 "," 186,752 "," 157,124 "
 Territorial , Invercargill City , Bus , Fleet Size , 19 , 10 , 14 , 14 , 13 , 15 , 15 , 17 , 17 , 17 , 17 , 17 , 16 , 16 , 16 
 Territorial , Invercargill City , Bus , Passenger kilometres ," 1,223,700 "," 1,289,040 "," 889,907 "," 1,629,000 "," 1,711,948 "," 1,615,197 "," 306,692 "," 306,000 "," 2,058,964 "," 1,093,354 "," 990,547 "," 534,144 "," 642,293 "," 847,463 "," 913,087 "
 Territorial , Invercargill City , Bus , Service kilometres ," 430,000 "," 430,000 "," 355,000 "," 301,676 "," 306,692 "," 306,692 "," 306,692 "," 306,692 "," 306,692 "," 277,675 "," 291,479 "," 314,954 "," 314,954 "," 299,824 "," 242,536 "
 Territorial , Invercargill City , Bus , SuperGold Fare Substitute ," 34,024 "," 21,009 "," 16,947 "," 9,097 "," 16,528 "," 16,738 "," 21,249 "," 22,670 "," 23,348 "," 27,236 "," 32,623 "," 32,637 "," 66,042 "," 70,450 "," 75,202 "
 Territorial , Marlborough District , Bus , Boardings ," 23,523 "," 23,773 "," 25,149 "," 26,498 "," 26,979 "," 25,493 "," 22,691 "," 21,317 "," 22,652 "," 14,741 "," 14,511 "," 11,062 "," 12,996 "," 17,167 "," 18,170 "
 Territorial , Marlborough District , Bus , Boardings SuperGold ," 13,996 "," 14,868 "," 15,247 "," 16,053 "," 16,204 "," 14,807 "," 14,379 "," 13,642 "," 15,454 "," 11,962 "," 11,508 "," 9,580 "," 7,589 "," 10,150 "," 11,130 "
 Territorial , Marlborough District , Bus , Fares ," 15,139 "," 14,012 "," 15,663 "," 16,623 "," 17,152 "," 17,299 "," 13,606 "," 12,540 "," 11,831 "," 6,463 "," 7,575 "," 5,025 "," 4,197 "," 14,473 "," 14,923 "
 Territorial , Marlborough District , Bus , Fleet Size , 1 , 1 , 1 , 1 , 1 , 1 , 1 , 1 , 1 , 3 , 3 , 3 , 2 , 3 , 3 
 Territorial , Marlborough District , Bus , Passenger kilometres ," 176,423 "," 178,298 "," 188,618 "," 198,735 "," 202,342 "," 178,946 "," 158,402 "," 148,570 "," 158,685 "," 105,800 "," 109,691 "," 81,779 "," 95,820 "," 259,982 "," 512,577 "
 Territorial , Marlborough District , Bus , Service kilometres ," 37,500 "," 39,510 "," 43,590 "," 43,590 "," 43,590 "," 42,135 "," 42,136 "," 46,053 "," 51,320 "," 46,522 "," 82,487 "," 56,609 "," 40,921 "," 48,978 "," 52,948 "
 Territorial , Marlborough District , Bus , SuperGold Fare Substitute ," 16,695 "," 16,807 "," 17,236 "," 18,147 "," 18,318 "," 16,738 "," 16,255 "," 15,421 "," 17,413 "," 25,131 "," 25,680 "," 25,691 "," 34,448 "," 36,666 "," 39,242 "
 Territorial , Nelson City , Bus , Boardings ," 50,714 "," 131,392 "," 351,685 "," 396,326 "," 415,326 "," 414,322 "," 426,237 "," 397,598 "," 417,918 "," 360,298 "," 363,056 "," 320,777 "," 450,332 "," 892,847 "," 918,056 "
 Territorial , Nelson City , Bus , Boardings SuperGold ," 36,914 "," 43,041 "," 53,724 "," 61,504 "," 68,036 "," 70,533 "," 81,816 "," 68,493 "," 79,236 "," 68,202 "," 53,071 "," 46,612 "," 51,476 "," 107,437 "," 107,737 "
 Territorial , Nelson City , Bus , Fares ," 76,033 "," 277,962 "," 910,802 "," 1,007,655 "," 788,555 "," 765,877 "," 755,947 "," 726,852 "," 752,714 "," 556,743 "," 469,863 "," 414,654 "," 348,640 "," 862,875 "," 1,061,344 "
 Territorial , Nelson City , Bus , Fleet Size , 2 , 9 , 10 , 10 , 10 , 11 , 11 , 11 , 13 , 13 , 13 , 13 , 13 , 21 , 21 
 Territorial , Nelson City , Bus , Passenger kilometres ," 436,820 "," 833,860 "," 2,317,280 "," 2,603,481 "," 2,784,873 "," 2,969,804 "," 2,955,992 "," 2,825,091 "," 2,940,100 "," 2,544,567 "," 3,920,865 "," 3,763,536 "," 3,763,536 "," 7,827,834 "," 7,987,087 "
 Territorial , Nelson City , Bus , Service kilometres ," 160,776 "," 247,852 "," 436,248 "," 444,311 "," 424,876 "," 468,505 "," 480,517 "," 426,560 "," 468,049 "," 409,288 "," 539,883 "," 539,883 "," 539,833 "," 1,270,099 "," 1,281,878 "
 Territorial , Nelson City , Bus , SuperGold Fare Substitute ," 69,022 "," 77,743 "," 96,839 "," 110,870 "," 122,493 "," 126,372 "," 142,275 "," 123,234 "," 163,916 "," 161,605 "," 158,936 "," 159,005 "," 169,389 "," 184,433 "," 201,751 "
 Territorial , Northland Regional Council , Bus , Boardings ," 287,006 "," 305,735 "," 305,737 "," 323,553 "," 312,821 "," 318,249 "," 320,022 "," 295,067 "," 336,265 "," 313,698 "," 330,221 "," 283,049 "," 348,433 "," 405,076 "," 406,826 "
 Territorial , Northland Regional Council , Bus , Boardings SuperGold ," 50,713 "," 55,322 "," 57,487 "," 58,818 "," 60,096 "," 60,113 "," 59,687 "," 62,614 "," 73,422 "," 58,307 "," 50,976 "," 38,464 "," 35,730 "," 49,079 "," 43,806 "
 Territorial , Northland Regional Council , Bus , Fares ," 527,612 "," 674,644 "," 574,933 "," 561,383 "," 545,875 "," 548,473 "," 609,868 "," 608,142 "," 521,294 "," 386,299 "," 355,552 "," 283,077 "," 328,824 "," 413,521 "," 446,175 "
 Territorial , Northland Regional Council , Bus , Fleet Size , 10 , 13 , 9 , 9 , 8 , 11 , 11 , 11 , 15 , 15 , 14 , 14 , 14 , 14 , 22 
 Territorial , Northland Regional Council , Bus , Passenger kilometres ," 4,660,963 "," 4,954,507 "," 4,953,341 "," 5,232,371 "," 5,102,110 "," 5,231,135 "," 5,041,655 "," 4,641,990 "," 4,747,894 "," 4,301,113 "," 4,591,251 "," 4,608,675 "," 5,574,322 "," 6,669,063 "," 6,616,233 "
 Territorial , Northland Regional Council , Bus , Service kilometres ," 379,825 "," 479,441 "," 382,108 "," 387,601 "," 391,751 "," 464,035 "," 469,915 "," 475,357 "," 534,493 "," 530,366 "," 556,295 "," 514,095 "," 512,954 "," 561,237 "," 562,127 "
 Territorial , Northland Regional Council , Bus , SuperGold Fare Substitute ," 91,978 "," 93,807 "," 97,478 "," 99,735 "," 101,902 "," 101,931 "," 99,863 "," 103,851 "," 123,679 "," 114,855 "," 83,475 "," 83,511 "," 11,877 "," 64,502 "," 64,363 "
 Territorial , Northland Regional Council , Ferry , Boardings ,,,,,,,,,,,,,," 30,153 "," 34,934 "
 Territorial , Northland Regional Council , Ferry , Fares ,,,,,,,,,,,,,," 29,948 "," 30,566 "
 Territorial , Northland Regional Council , Ferry , Passenger kilometres ,,,,,,,,,,,,,," 66,337 "," 76,855 "
 Territorial , Otago Regional Council , Bus , Boardings ," 2,689,157 "," 2,849,372 "," 2,927,188 "," 2,851,770 "," 2,809,010 "," 2,681,639 "," 2,651,996 "," 3,238,717 "," 4,013,254 "," 3,448,757 "," 3,595,254 "," 3,173,918 "," 4,054,167 "," 5,294,327 "," 5,458,646 "
 Territorial , Otago Regional Council , Bus , Boardings SuperGold ," 320,849 "," 333,857 "," 341,442 "," 356,498 "," 353,972 "," 367,790 "," 380,051 "," 405,621 "," 448,091 "," 379,999 "," 396,382 "," 397,909 "," 383,117 "," 378,909 "," 409,615 "
 Territorial , Otago Regional Council , Bus , Fares ," 5,310,546 "," 5,234,801 "," 6,158,430 "," 6,191,511 "," 6,476,113 "," 6,604,047 "," 6,131,913 "," 7,373,568 "," 9,345,476 "," 6,111,987 "," 3,761,331 "," 3,698,858 "," 3,052,973 "," 6,442,530 "," 6,954,368 "
 Territorial , Otago Regional Council , Bus , Fleet Size , 81 , 89 , 96 , 93 , 105 , 94 , 92 , 92 , 93 , 102 , 102 , 102 , 102 , 105 , 106 
 Territorial , Otago Regional Council , Bus , Passenger kilometres ," 16,124,517 "," 16,713,193 "," 17,275,472 "," 16,689,546 "," 15,288,361 "," 14,583,594 "," 14,316,089 "," 18,014,901 ",,,,,," 32,180,320 "," 31,798,497 "
 Territorial , Otago Regional Council , Bus , Service kilometres ," 3,689,782 "," 3,770,639 "," 3,967,851 "," 3,881,055 "," 3,825,319 "," 4,625,482 "," 4,270,622 "," 4,771,688 "," 5,409,774 "," 5,091,003 "," 5,409,247 "," 5,302,365 "," 4,405,490 "," 5,832,363 "," 5,890,552 "
 Territorial , Otago Regional Council , Bus , SuperGold Fare Substitute ," 657,356 "," 668,067 "," 670,563 "," 688,228 "," 684,755 "," 719,159 "," 780,814 "," 826,743 "," 868,080 "," 868,080 "," 808,337 "," 808,687 "," 1,083,978 "," 1,195,945 "," 1,286,591 "
 Territorial , Otago Regional Council , Ferry , Boardings ,,,,,,,,,,,,,," 74,070 "," 71,124 "
 Territorial , Otago Regional Council , Ferry , Fares ,,,,,,,,,,,,,," 779,419 "," 772,776 "
 Territorial , Otago Regional Council , Ferry , Passenger kilometres ,,,,,,,,,,,,,," 672,556 "," 647,228 "
 Territorial , Taranaki Regional Council , Bus , Boardings ," 497,277 "," 543,317 "," 556,017 "," 584,371 "," 586,306 "," 605,603 "," 614,811 "," 624,286 "," 649,874 "," 537,597 "," 583,674 "," 543,736 "," 694,895 "," 772,768 "," 771,403 "
 Territorial , Taranaki Regional Council , Bus , Boardings SuperGold ," 41,963 "," 44,767 "," 46,828 "," 50,324 "," 51,919 "," 54,918 "," 55,217 "," 56,326 "," 59,480 "," 47,920 "," 50,730 "," 45,738 "," 49,755 "," 45,370 "," 44,644 "
 Territorial , Taranaki Regional Council , Bus , Fares ," 706,296 "," 777,652 "," 809,058 "," 883,308 "," 876,619 "," 924,147 "," 1,043,255 "," 1,047,868 "," 1,078,234 "," 969,108 "," 836,700 "," 745,153 "," 592,280 "," 752,704 "," 1,169,416 "
 Territorial , Taranaki Regional Council , Bus , Fleet Size , 36 , 36 , 37 , 36 , 37 , 40 , 40 , 41 , 43 , 46 , 45 , 51 , 51 , 51 , 51 
 Territorial , Taranaki Regional Council , Bus , Passenger kilometres ," 4,615,457 "," 5,071,909 "," 5,176,741 "," 5,417,954 "," 5,394,506 "," 6,866,883 "," 6,859,635 "," 6,949,591 "," 7,217,761 "," 5,790,532 "," 9,345,148 "," 5,387,420 "," 7,535,954 "," 8,232,286 "," 8,235,630 "
 Territorial , Taranaki Regional Council , Bus , Service kilometres ," 825,768 "," 857,159 "," 853,908 "," 677,241 "," 627,854 "," 826,669 "," 838,662 "," 814,892 "," 800,396 "," 775,629 "," 806,074 "," 1,394,882 "," 1,405,147 "," 824,761 "," 1,028,542 "
 Territorial , Taranaki Regional Council , Bus , SuperGold Fare Substitute ," 93,970 "," 96,240 "," 100,008 "," 106,307 "," 108,270 "," 117,998 "," 121,177 "," 123,364 "," 113,473 "," 139,057 "," 131,474 "," 64,612 "," 52,481 "," 71,711 "," 159,762 "
 Territorial , Waikato Regional Council , Bus , Boardings ," 4,338,802 "," 4,466,401 "," 4,322,894 "," 4,370,780 "," 4,341,361 "," 4,085,467 "," 3,988,518 "," 3,987,294 "," 4,008,457 "," 3,540,660 "," 3,273,457 "," 2,417,731 "," 3,308,192 "," 4,034,702 "," 4,187,597 "
 Territorial , Waikato Regional Council , Bus , Boardings SuperGold ," 348,334 "," 377,973 "," 399,444 "," 432,305 "," 418,018 "," 421,110 "," 418,411 "," 432,787 "," 463,372 "," 342,388 "," 304,363 "," 222,837 "," 276,004 "," 350,677 "," 412,868 "
 Territorial , Waikato Regional Council , Bus , Fares ," 6,134,968 "," 6,776,621 "," 6,232,422 "," 6,428,484 "," 6,282,491 "," 5,981,930 "," 5,711,586 "," 5,825,634 "," 5,941,092 "," 3,820,069 "," 4,469,060 "," 3,881,888 "," 2,801,185 "," 4,117,153 "," 5,852,327 "
 Territorial , Waikato Regional Council , Bus , Fleet Size , 87 , 88 , 88 , 88 , 88 , 89 , 91 , 97 , 103 , 103 , 105 , 118 , 121 , 123 , 111 
 Territorial , Waikato Regional Council , Bus , Passenger kilometres ," 35,165,667 "," 37,655,571 "," 36,924,381 "," 37,326,461 "," 37,075,223 "," 34,889,881 "," 34,061,943 "," 34,051,492 "," 35,773,853 "," 30,721,499 "," 27,955,324 "," 20,614,408 "," 28,251,882 "," 33,442,017 "," 35,762,078 "
 Territorial , Waikato Regional Council , Bus , Service kilometres ," 5,244,111 "," 5,718,423 "," 5,771,515 "," 5,780,209 "," 5,718,423 "," 5,706,752 "," 5,492,695 "," 5,318,012 "," 6,293,208 "," 5,652,321 "," 6,479,652 "," 6,046,228 "," 5,551,715 "," 5,853,600 "," 6,747,728 "
 Territorial , Waikato Regional Council , Bus , SuperGold Fare Substitute ," 659,764 "," 684,559 "," 748,726 "," 842,695 "," 816,885 "," 819,102 "," 809,621 "," 834,581 "," 837,754 "," 945,522 "," 689,773 "," 690,072 "," 983,192 "," 1,063,855 "," 1,147,311 "
 Territorial , Waikato Regional Council , Rail , Boardings , -   , -   , -   , -   , -   , -   , -   , -   , -   , -   , -   , -   ," 38,847 "," 82,230 "," 73,679 "
 Territorial , Waikato Regional Council , Rail , Boardings SuperGold ,,,,,,,,,,,,," 5,647 "," 16,036 "," 15,258 "
 Territorial , Waikato Regional Council , Rail , Fares ,,,,,,,,,,,,," 237,168 "," 637,867 "," 772,707 "
 Territorial , Waikato Regional Council , Rail , Fleet Size ,,,,,,,,,,,,, 12 , 20 , -   
 Territorial , Waikato Regional Council , Rail , Passenger kilometres ,,,,,,,,,,,,," 331,757 "," 681,167 "," 10,315,060 "
 Territorial , Waikato Regional Council , Rail , Service kilometres ,,,,,,,,,,,,," 9,897,160 "," 158,060 "," 167,440 "
 Territorial , Waikato Regional Council , Rail , SuperGold Fare Substitute ,,,,,,,,,,,,,," 1,650 "," 2,921 "
 Territorial , West Coast Regional Council , Bus , Boardings ," 24,324 "," 24,324 "," 26,250 "," 9,177 "," 9,177 "," 9,177 "," 9,000 ",,,,,,,,
 Territorial , West Coast Regional Council , Bus , Fares ," 107,927 "," 107,927 "," 115,150 "," 115,150 "," 115,000 "," 115,000 "," 115,000 ",,,,,,,,
 Territorial , West Coast Regional Council , Bus , Fleet Size ,,, 3 , 3 , 3 , 3 , 3 ,,,,,,,,
 Territorial , West Coast Regional Council , Bus , Passenger kilometres ," 65,260 "," 65,260 "," 93,860 "," 69,706 "," 69,700 "," 69,700 "," 65,000 ",,,,,,,,
 Territorial , West Coast Regional Council , Bus , Service kilometres ,,," 93,860 "," 69,706 "," 69,700 "," 69,700 "," 65,000 ",,,,,,,,
